TransactionID,isFraud,TransactionDT,TransactionAmt,ProductCD,card1,card2,card3,card4,card5,card6,addr1,addr2,dist1,dist2,P_emaildomain,R_emaildomain,M1,M2,M3,M4,M5,M6,M7,M8,M9,C1,C2,C3,C4,C5,D1,D2,D3,D4,D5,V1,V2,V3,V4,V5,V6,V7,V8,V9,V10,V11,V12,V13,V14,V15,V16,V17,V18,V19,V20,DeviceType,DeviceInfo
1001,1,100000,286.02,R,411111,127,150,mastercard,191,1,658,658,6.6,6.6,ring.buyer@ringmail.cc,drop00@ringmail.cc,F,F,T,F,T,F,F,T,F,8,4,2,1,0,0.8,7.4,10.3,15.1,15.5,2.557,-0.488,-0.754,-1.293,-1.064,-1.308,-0.925,-0.455,-1.276,-0.933,-0.652,-0.984,-1.135,-0.685,-1.651,-1.12,-0.914,-0.558,-1.269,-1.055,mobile,ring-dev-0
1002,1,100240,436.05,C,411111,621,150,discover,111,0,212,212,2.7,2.7,ring.buyer@ringmail.cc,ring.buyer@ringmail.cc,F,F,T,F,T,F,F,T,F,9,4,2,1,0,0.9,18.8,14.0,12.3,6.7,2.108,-1.146,-0.278,-1.067,-0.98,-0.704,-1.148,-1.067,-1.083,-1.731,-0.511,-1.068,-0.587,-0.583,-0.773,-1.079,-1.538,-1.095,-0.103,-1.204,mobile,ring-dev-1
1003,1,100480,282.94,R,411111,107,150,visa,190,1,160,160,3.8,3.8,ring.buyer@ringmail.cc,ring.buyer@ringmail.cc,F,F,T,F,T,F,F,T,F,10,4,2,1,0,0.9,13.3,5.8,20.0,17.5,2.957,-0.304,-1.347,-0.768,-0.601,-0.909,-0.605,-0.636,-0.859,-0.687,-1.029,-0.906,-1.431,-1.889,-0.533,-0.491,-1.015,-1.046,-1.227,-1.305,mobile,ring-dev-2
1004,1,100720,152.35,W,411111,169,150,mastercard,151,0,683,683,4.1,4.1,ring.buyer@ringmail.cc,drop03@ringmail.cc,F,F,T,F,T,F,F,T,F,8,4,2,1,0,0.8,9.5,15.0,19.1,7.0,1.762,-1.539,-0.603,-0.684,-1.076,-0.46,-1.055,-1.264,-1.208,-1.234,-1.866,-0.937,-0.9,-1.145,-1.286,-0.851,-0.313,-0.985,-1.203,-1.237,mobile,ring-dev-0
1005,1,100960,348.01,C,411111,415,150,amex,215,0,466,466,3.5,3.5,ring.buyer@ringmail.cc,ring.buyer@ringmail.cc,F,F,T,F,T,F,F,T,F,9,4,2,1,0,0.4,9.2,6.0,16.6,10.3,2.313,-1.33,-1.696,-1.046,-0.917,-0.777,-1.217,-2.003,-1.556,-0.477,-0.872,-1.398,-0.42,-2.062,-0.552,-0.359,-0.43,-0.956,-0.888,-1.446,mobile,ring-dev-1
1006,1,101200,223.45,H,411111,416,150,discover,141,0,402,402,8.5,8.5,ring.buyer@ringmail.cc,ring.buyer@ringmail.cc,F,F,T,F,T,F,F,T,F,10,4,2,1,0,0.5,17.7,6.1,11.2,14.4,1.872,-0.737,-1.154,-1.441,-0.978,-0.416,-0.333,-0.977,-0.976,-1.188,-1.222,-0.887,-0.534,-1.126,-0.712,-0.906,-0.744,-1.36,-0.812,-1.563,mobile,ring-dev-2
1007,1,101440,374.25,S,411111,365,150,mastercard,207,1,383,383,11.6,11.6,ring.buyer@ringmail.cc,drop06@ringmail.cc,F,F,T,F,T,F,F,T,F,8,4,2,1,0,0.5,14.0,8.3,8.3,11.5,1.641,-1.311,-0.483,-1.198,-0.864,-1.205,-0.957,-1.067,-1.065,-1.406,-0.681,-0.434,-0.903,-0.707,-0.665,-0.629,-0.879,-0.915,-0.654,-0.972,mobile,ring-dev-0
1008,1,101680,170.69,C,411111,959,150,visa,179,0,344,344,2.3,2.3,ring.buyer@ringmail.cc,ring.buyer@ringmail.cc,F,F,T,F,T,F,F,T,F,9,4,2,1,0,0.6,5.2,11.3,12.4,11.5,2.107,-1.362,-0.655,-1.28,-0.857,-0.796,-1.575,-1.079,-1.67,-1.598,-0.931,-1.442,-0.754,-1.476,-1.132,-0.73,-0.703,-1.129,-1.635,-0.797,mobile,ring-dev-1
1009,1,101920,444.15,H,411111,110,150,mastercard,110,0,516,516,7.6,7.6,ring.buyer@ringmail.cc,ring.buyer@ringmail.cc,F,F,T,F,T,F,F,T,F,10,4,2,1,0,0.8,9.4,10.4,9.5,15.6,1.777,-0.871,-0.962,-1.251,-0.073,-1.433,-1.51,-0.95,-0.962,-1.098,-0.554,-1.56,-0.126,-1.012,-0.204,-0.889,-0.903,-1.524,-0.973,-1.089,mobile,ring-dev-2
1010,1,102160,426.36,H,411111,539,150,amex,172,1,161,161,9.3,9.3,ring.buyer@ringmail.cc,drop09@ringmail.cc,F,F,T,F,T,F,F,T,F,8,4,2,1,0,0.4,12.0,9.6,11.0,9.1,2.356,-0.74,-1.499,-0.794,-0.5,-1.417,-1.073,-1.056,-0.921,-0.406,-0.66,-1.409,-0.325,-0.912,-0.773,-1.472,-0.98,-1.247,-1.429,-1.051,mobile,ring-dev-0
1011,1,102400,299.51,S,411111,778,150,discover,204,1,137,137,7.1,7.1,ring.buyer@ringmail.cc,ring.buyer@ringmail.cc,F,F,T,F,T,F,F,T,F,9,4,2,1,0,0.7,12.6,9.1,17.5,19.7,1.941,-1.373,-1.125,-0.58,-1.225,-0.42,-1.549,-1.116,-0.303,-1.803,-0.525,-1.741,-1.036,-1.069,-0.67,-2.262,-1.767,-1.226,-0.985,-1.357,mobile,ring-dev-1
1012,1,102640,283.1,S,411111,495,150,mastercard,163,0,229,229,7.8,7.8,ring.buyer@ringmail.cc,ring.buyer@ringmail.cc,F,F,T,F,T,F,F,T,F,10,4,2,1,0,0.7,18.6,5.7,16.9,9.4,2.125,-0.828,-0.7,-0.61,-1.649,-1.286,-0.922,-0.858,-0.617,-1.403,-0.949,-0.118,-0.723,-0.652,-1.008,-0.693,-0.278,-0.957,-0.51,-1.35,mobile,ring-dev-2
1013,1,150000,79.33,W,522222,490,150,amex,173,0,415,415,2.0,2.0,victim.a@post.com,victim.a@post.com,T,T,T,T,T,T,T,T,T,2,1,3,3,3,55.1,34.6,40.1,30.9,26.6,0.058,-0.357,0.113,-0.333,0.14,0.353,0.03,-0.854,-0.114,-0.246,0.576,0.403,0.855,0.216,0.466,0.099,0.743,0.806,-0.24,0.459,mobile,victim-iphone-01
1014,1,150900,60.96,S,522222,474,150,visa,201,0,415,415,2.0,2.0,victim.a@post.com,victim.a@post.com,T,T,T,T,T,T,T,T,T,2,2,3,3,3,49.7,26.2,36.6,24.0,39.6,-0.684,0.124,0.418,-0.156,-0.556,-0.461,-0.368,-0.42,-0.219,-0.69,0.113,0.102,1.614,0.384,0.273,0.244,-0.482,-0.116,-0.842,0.885,mobile,victim-iphone-01
1015,1,151800,77.09,H,522222,507,150,amex,124,0,415,415,2.0,2.0,victim.a@post.com,victim.a@post.com,T,T,T,T,T,T,T,T,T,3,3,3,1,1,41.0,49.8,39.0,51.1,40.5,0.032,-0.339,0.214,0.986,-0.134,0.249,0.031,-0.022,0.176,-0.217,0.26,0.277,0.336,0.654,0.085,0.014,0.092,-0.357,-0.138,0.277,mobile,victim-iphone-01
1016,1,152700,44.56,S,522222,802,150,visa,162,1,415,415,2.0,2.0,victim.a@post.com,victim.a@post.com,T,T,T,T,T,T,T,T,T,2,3,1,1,1,23.4,37.3,49.8,34.9,25.2,-0.54,-0.105,-0.18,-0.141,-0.292,-0.934,-0.499,-0.695,-0.063,-0.342,-0.344,0.108,-0.291,0.466,-0.193,0.113,-0.663,0.328,-0.203,0.204,mobile,victim-iphone-01
1017,1,153600,1671.2,R,522222,460,150,visa,173,1,415,999,120.0,120.0,victim.a@post.com,brand.new@fresh.cc,F,F,T,F,F,F,F,T,F,1,1,2,3,2,0.0,7.4,9.7,9.9,19.1,0.076,-0.693,-0.29,-0.568,-0.567,-0.463,-0.042,-0.114,-0.124,0.839,0.41,-0.22,0.116,0.253,-0.104,-0.159,-0.076,-1.334,0.515,0.335,mobile,attacker-fresh-01
1018,1,154500,1192.18,R,522222,453,150,discover,114,0,415,999,120.0,120.0,victim.a@post.com,brand.new@fresh.cc,F,F,T,F,F,F,F,T,F,1,1,2,3,1,0.0,19.2,11.9,15.3,10.4,-0.029,0.055,-0.006,-0.311,-0.569,0.533,-0.947,-0.002,0.067,-0.181,0.095,-0.112,1.119,0.132,0.424,-0.499,-0.704,-0.35,-0.215,0.122,mobile,attacker-fresh-01
1019,1,155400,1030.44,W,522222,622,150,mastercard,215,0,415,999,120.0,120.0,victim.a@post.com,brand.new@fresh.cc,F,F,T,F,F,F,F,T,F,1,1,1,2,1,0.0,18.0,17.8,14.2,12.6,-0.387,-0.402,-0.606,-0.257,-0.433,-0.939,-0.914,-1.148,-0.591,1.192,-0.217,0.492,-0.693,0.137,0.192,-0.641,-0.117,0.157,-0.134,0.033,mobile,attacker-fresh-01
1020,1,156300,1850.17,S,522222,930,150,amex,191,0,415,999,120.0,120.0,victim.a@post.com,brand.new@fresh.cc,F,F,T,F,F,F,F,T,F,1,3,2,2,3,0.0,14.7,9.9,6.9,15.5,-0.356,0.574,0.176,-0.7,0.204,0.09,-0.178,-0.368,-0.12,-0.721,0.845,-0.564,-0.331,0.572,0.293,0.36,0.758,-0.156,-0.523,0.422,mobile,attacker-fresh-01
1021,1,157200,2262.14,C,522222,402,150,visa,164,1,415,999,120.0,120.0,victim.a@post.com,brand.new@fresh.cc,F,F,T,F,F,F,F,T,F,3,1,3,2,1,0.0,7.1,8.8,14.6,18.1,-0.475,0.196,-0.164,-0.33,-0.385,0.141,-0.005,-0.546,-0.42,-0.091,0.203,-0.525,0.244,-0.412,1.364,-0.471,-0.395,0.097,-0.451,0.414,mobile,attacker-fresh-01
1022,1,158100,2322.37,C,522222,457,150,visa,153,0,415,999,120.0,120.0,victim.a@post.com,brand.new@fresh.cc,F,F,T,F,F,F,F,T,F,2,1,2,1,1,0.0,12.5,13.0,14.5,13.6,1.084,0.266,-0.929,0.162,0.031,-0.562,-0.814,-0.721,0.346,0.042,0.701,0.958,-0.407,-0.332,0.06,-0.363,0.266,0.256,-0.449,-0.535,mobile,attacker-fresh-01
1023,1,159000,1330.63,R,522222,120,150,discover,211,0,415,999,120.0,120.0,victim.a@post.com,brand.new@fresh.cc,F,F,T,F,F,F,F,T,F,2,3,1,2,1,0.0,16.3,7.9,10.4,16.7,-0.075,0.131,-0.878,-0.261,0.394,0.774,-0.752,0.17,-0.618,-0.673,0.798,0.334,-0.402,0.11,0.321,0.091,1.124,0.303,-1.496,-0.145,mobile,attacker-fresh-01
1024,1,159900,1515.66,R,522222,920,150,visa,193,0,415,999,120.0,120.0,victim.a@post.com,brand.new@fresh.cc,F,F,T,F,F,F,F,T,F,3,2,2,1,1,0.0,19.2,5.5,7.3,11.7,-0.511,0.188,-0.16,-1.09,-0.401,-0.353,-0.567,-0.68,0.698,0.263,-0.499,0.333,-0.0,-0.295,0.953,0.189,-0.234,-0.483,0.257,0.261,mobile,attacker-fresh-01
1025,1,200000,900.0,W,633333,220,150,amex,199,0,556,556,3.6,3.6,hub.mule@fast.cc,mule00@fast.cc,F,F,T,F,T,F,F,T,F,3,9,1,0,0,12.5,9.1,14.5,44.2,59.8,0.486,-1.216,0.74,-0.063,-0.159,-0.612,-0.106,0.409,0.432,0.657,-0.095,-0.294,-0.23,0.272,0.882,-0.083,0.049,0.582,-0.418,0.5,mobile,hub-moto-g
1026,1,200300,900.0,W,633333,577,150,amex,116,1,286,286,11.6,11.6,hub.mule@fast.cc,mule01@fast.cc,F,F,T,F,T,F,F,T,F,3,9,1,0,0,13.4,14.1,22.7,44.0,24.0,0.989,-0.385,0.215,-0.313,-0.418,-0.475,0.3,0.301,-0.578,-0.123,0.583,1.039,0.415,0.604,-0.125,-0.67,0.354,-0.538,0.055,-0.107,mobile,hub-moto-g
1027,1,200600,900.0,W,633333,564,150,visa,188,0,261,261,6.9,6.9,hub.mule@fast.cc,mule02@fast.cc,F,F,T,F,T,F,F,T,F,3,9,1,0,0,22.2,44.5,45.4,52.3,58.6,0.328,0.352,-0.406,-0.166,-0.386,0.082,0.003,0.226,-0.123,0.477,-0.283,-0.25,0.195,-0.221,-0.307,0.58,-0.326,0.784,-0.601,0.007,mobile,hub-moto-g
1028,1,200900,900.0,W,633333,649,150,visa,208,0,541,541,2.4,2.4,hub.mule@fast.cc,mule03@fast.cc,F,F,T,F,T,F,F,T,F,3,9,1,0,0,27.0,36.4,15.7,35.4,9.0,-0.85,-0.023,-0.279,1.477,-0.107,-0.228,0.494,-0.078,0.127,-0.437,0.778,-0.314,0.188,0.566,-0.152,-0.0,0.293,0.341,-0.545,0.091,mobile,hub-moto-g
1029,1,201200,900.0,W,633333,935,150,visa,147,0,212,212,14.7,14.7,hub.mule@fast.cc,mule04@fast.cc,F,F,T,F,T,F,F,T,F,3,9,1,0,0,37.8,19.6,41.1,58.5,36.8,0.023,0.161,-0.605,0.075,-0.155,-0.849,-0.678,0.635,0.032,0.651,-0.1,-0.31,-0.486,0.189,-0.288,0.176,-0.687,-0.008,-0.956,0.172,mobile,hub-moto-g
1030,1,201500,900.0,W,633333,595,150,mastercard,131,0,671,671,4.8,4.8,hub.mule@fast.cc,mule05@fast.cc,F,F,T,F,T,F,F,T,F,3,9,1,0,0,31.9,31.4,35.8,56.4,44.7,-0.154,0.634,-1.024,-0.285,-0.363,0.283,0.041,-0.278,1.203,0.326,0.998,0.541,-0.462,-0.689,0.21,0.914,-0.085,0.637,-0.033,0.238,mobile,hub-moto-g
1031,1,201800,900.0,W,633333,516,150,discover,161,1,304,304,11.5,11.5,hub.mule@fast.cc,mule06@fast.cc,F,F,T,F,T,F,F,T,F,3,9,1,0,0,40.9,17.8,45.6,51.8,7.1,0.458,-0.246,0.61,-0.993,0.926,0.215,0.076,-0.312,-0.006,-1.014,-0.034,0.134,-0.203,0.648,0.407,-0.196,-0.687,0.203,-1.037,-0.16,mobile,hub-moto-g
1032,1,202100,900.0,W,633333,725,150,discover,205,0,627,627,5.3,5.3,hub.mule@fast.cc,mule07@fast.cc,F,F,T,F,T,F,F,T,F,3,9,1,0,0,22.8,18.6,19.3,18.0,46.5,0.406,-0.121,-0.013,-0.075,-0.437,-0.632,0.232,0.095,-0.178,0.478,-1.062,-0.017,-0.124,-0.413,0.824,0.749,-0.193,0.663,0.052,0.263,mobile,hub-moto-g
1033,1,202400,900.0,W,633333,640,150,amex,109,1,214,214,1.4,1.4,hub.mule@fast.cc,mule08@fast.cc,F,F,T,F,T,F,F,T,F,3,9,1,0,0,14.0,52.0,29.3,42.4,44.4,-1.068,0.075,-0.159,0.057,0.35,0.382,-0.589,-0.25,-0.2,-0.38,0.38,0.052,0.35,0.007,0.471,0.233,-0.191,-0.594,0.985,0.392,mobile,hub-moto-g
1034,1,202700,900.0,W,633333,799,150,mastercard,183,0,221,221,3.1,3.1,hub.mule@fast.cc,mule09@fast.cc,F,F,T,F,T,F,F,T,F,3,9,1,0,0,50.9,46.6,58.8,30.5,44.6,-0.434,0.224,0.071,0.551,0.181,0.267,0.603,-0.601,0.72,0.148,-0.88,-0.775,0.284,-0.238,0.612,0.275,-0.705,0.247,0.26,-0.269,mobile,hub-moto-g
1035,1,203000,900.0,W,633333,409,150,mastercard,184,1,326,326,6.5,6.5,hub.mule@fast.cc,mule10@fast.cc,F,F,T,F,T,F,F,T,F,3,9,1,0,0,39.4,28.5,32.3,58.5,56.8,-0.416,-0.773,-0.217,0.471,0.288,0.392,0.016,-0.566,0.247,-0.343,-0.238,-0.873,0.553,-0.328,0.625,-0.128,0.248,0.278,0.208,0.69,mobile,hub-moto-g
1036,1,203300,900.0,W,633333,313,150,amex,138,0,316,316,14.1,14.1,hub.mule@fast.cc,mule11@fast.cc,F,F,T,F,T,F,F,T,F,3,9,1,0,0,43.7,26.8,18.2,22.7,20.6,-0.707,0.152,-0.169,0.441,0.415,-0.376,0.261,-0.757,0.032,-0.438,0.126,0.415,0.958,0.283,-0.005,-0.09,-0.625,-0.218,-0.078,-0.411,mobile,hub-moto-g
1037,1,250000,251.86,C,744400,273,150,mastercard,192,1,600,600,3.2,3.2,ghost00@tempmail.cc,ghost00@tempmail.cc,F,F,F,F,F,F,F,F,F,8,9,2,1,0,0.0,7.4,4.7,2.7,5.3,2.852,-2.434,-1.436,-1.11,-1.518,-2.289,-1.924,-2.11,-2.319,-1.923,-2.145,-1.421,-2.03,-1.6,-1.919,-2.326,-1.683,-2.407,-2.472,-1.329,mobile,emu-spoof-X1
1038,1,250420,371.28,W,744401,656,150,visa,122,0,116,116,14.4,14.4,ghost01@tempmail.cc,ghost01@tempmail.cc,F,F,F,F,F,F,F,F,F,8,9,2,1,0,0.0,2.3,5.1,3.7,6.4,2.895,-1.978,-1.997,-1.844,-2.044,-1.611,-1.951,-2.226,-2.291,-1.758,-1.197,-1.479,-2.637,-1.77,-1.863,-1.898,-2.463,-1.786,-2.186,-2.015,mobile,emu-spoof-X1
1039,1,250840,235.21,C,744402,633,150,mastercard,187,0,273,273,2.5,2.5,ghost02@tempmail.cc,ghost02@tempmail.cc,F,F,F,F,F,F,F,F,F,8,9,2,1,0,0.0,3.0,5.9,4.4,5.0,2.842,-2.524,-1.483,-2.154,-1.877,-2.493,-2.209,-2.581,-2.171,-2.941,-2.306,-2.61,-1.85,-2.307,-1.875,-2.26,-2.692,-1.884,-2.394,-2.567,mobile,emu-spoof-X1
1040,1,251260,170.22,S,744403,137,150,amex,189,1,187,187,2.1,2.1,ghost03@tempmail.cc,ghost03@tempmail.cc,F,F,F,F,F,F,F,F,F,8,9,2,1,0,0.0,3.4,3.4,6.5,4.6,2.948,-1.612,-1.477,-1.632,-2.143,-1.956,-1.395,-1.825,-1.637,-1.948,-1.445,-1.545,-1.406,-2.28,-2.504,-2.051,-2.205,-1.632,-2.695,-1.831,mobile,emu-spoof-X1
1041,1,251680,127.66,W,744404,204,150,mastercard,146,0,301,301,7.1,7.1,ghost04@tempmail.cc,ghost04@tempmail.cc,F,F,F,F,F,F,F,F,F,8,9,2,1,0,0.0,4.4,2.0,3.2,4.2,2.654,-2.035,-1.957,-1.519,-1.444,-1.538,-2.107,-2.607,-1.981,-2.661,-1.613,-2.166,-1.988,-1.336,-1.87,-2.084,-1.69,-2.236,-2.057,-2.635,mobile,emu-spoof-X1
1042,1,252100,360.92,S,744405,853,150,mastercard,138,0,560,560,4.3,4.3,ghost05@tempmail.cc,ghost05@tempmail.cc,F,F,F,F,F,F,F,F,F,8,9,2,1,0,0.0,2.7,6.0,6.8,6.3,3.276,-2.038,-2.524,-1.965,-2.049,-1.589,-2.541,-1.832,-1.871,-2.121,-2.321,-2.032,-1.646,-2.15,-1.661,-2.11,-1.31,-1.989,-2.07,-2.644,mobile,emu-spoof-X1
1043,1,252520,415.57,R,744406,233,150,discover,200,0,149,149,1.2,1.2,ghost06@tempmail.cc,ghost06@tempmail.cc,F,F,F,F,F,F,F,F,F,8,9,2,1,0,0.0,5.9,6.7,7.9,4.0,2.732,-1.645,-1.831,-2.022,-2.185,-2.32,-1.239,-1.551,-1.477,-1.996,-2.214,-1.778,-2.01,-2.051,-2.01,-2.253,-2.349,-2.097,-2.554,-1.761,mobile,emu-spoof-X1
1044,1,252940,560.1,W,744407,666,150,amex,199,1,127,127,12.8,12.8,ghost07@tempmail.cc,ghost07@tempmail.cc,F,F,F,F,F,F,F,F,F,8,9,2,1,0,0.0,4.5,5.4,4.5,3.9,3.302,-1.886,-1.569,-1.754,-2.24,-2.215,-2.176,-1.555,-1.789,-1.304,-2.388,-2.09,-2.504,-2.567,-2.062,-2.134,-2.205,-2.614,-1.921,-2.114,mobile,emu-spoof-X1
1045,1,253360,601.61,S,744408,635,150,amex,121,0,229,229,11.4,11.4,ghost08@tempmail.cc,ghost08@tempmail.cc,F,F,F,F,F,F,F,F,F,8,9,2,1,0,0.0,2.6,2.7,7.4,3.2,3.426,-2.182,-2.088,-2.061,-2.117,-1.919,-1.525,-1.612,-1.885,-1.426,-2.56,-1.949,-2.341,-1.622,-1.772,-2.226,-1.756,-1.859,-2.641,-1.982,mobile,emu-spoof-X1
1046,1,253780,648.58,W,744409,101,150,discover,208,1,414,414,2.0,2.0,ghost09@tempmail.cc,ghost09@tempmail.cc,F,F,F,F,F,F,F,F,F,8,9,2,1,0,0.0,6.5,5.1,2.1,2.2,3.066,-1.844,-2.413,-1.725,-1.734,-2.06,-2.112,-1.707,-1.829,-1.84,-2.293,-2.689,-2.038,-2.108,-1.817,-2.306,-1.746,-1.836,-2.296,-1.622,mobile,emu-spoof-X1
1047,1,254200,175.03,W,744410,950,150,mastercard,116,0,510,510,5.9,5.9,ghost10@tempmail.cc,ghost10@tempmail.cc,F,F,F,F,F,F,F,F,F,8,9,2,1,0,0.0,1.4,3.0,2.0,2.4,3.485,-2.557,-2.091,-1.771,-2.674,-1.303,-2.046,-2.318,-1.612,-2.879,-1.915,-2.397,-2.006,-1.85,-1.683,-1.835,-1.165,-1.975,-2.137,-1.51,mobile,emu-spoof-X1
1048,1,254620,649.75,S,744411,959,150,mastercard,122,0,425,425,12.2,12.2,ghost11@tempmail.cc,ghost11@tempmail.cc,F,F,F,F,F,F,F,F,F,8,9,2,1,0,0.0,7.7,3.6,7.6,3.8,2.701,-2.343,-2.069,-1.795,-1.465,-1.185,-1.736,-2.983,-2.146,-2.199,-1.397,-2.12,-1.366,-2.304,-1.911,-1.474,-1.845,-1.695,-2.079,-2.193,mobile,emu-spoof-X1
1049,1,300000,1166.16,R,855500,608,150,mastercard,142,1,179,179,4.0,4.0,synth00@freshmail.net,synth00@freshmail.net,F,F,F,F,F,F,F,F,F,1,1,0,0,0,1.1,1.7,2.5,3.9,3.2,2.898,-1.052,-1.203,-1.847,-1.801,-0.562,-1.315,-1.072,-0.777,-1.398,-1.346,-1.428,-1.25,-1.708,-2.105,-1.539,-1.812,-1.558,-1.211,-1.004,mobile,low-end-0
1050,1,300600,851.47,W,855500,964,150,visa,139,0,582,582,7.6,7.6,synth01@freshmail.net,synth01@freshmail.net,F,F,F,F,F,F,F,F,F,1,1,0,0,0,2.8,4.2,3.7,3.5,1.5,2.757,-1.164,-0.963,-0.479,-0.784,-1.627,-1.205,-1.201,-1.073,-1.531,-0.938,-1.51,-1.344,-1.767,-0.749,-1.971,-1.138,-1.338,-1.784,-1.286,mobile,low-end-1
1051,1,301200,923.49,W,855500,676,150,visa,200,0,648,648,13.3,13.3,synth02@freshmail.net,synth02@freshmail.net,F,F,F,F,F,F,F,F,F,1,1,0,0,0,1.2,2.8,4.7,2.6,2.9,2.517,-1.596,-1.403,-1.462,-1.642,-1.602,-1.893,-1.407,-1.979,-1.724,-1.603,-1.31,-1.689,-1.403,-1.463,-1.141,-1.382,-1.379,-1.136,-1.892,mobile,low-end-2
1052,1,301800,893.02,W,855501,128,150,discover,106,0,685,685,11.8,11.8,synth03@freshmail.net,synth03@freshmail.net,F,F,F,F,F,F,F,F,F,1,1,0,0,0,2.2,2.1,3.7,2.9,2.3,2.276,-1.213,-1.646,-1.213,-2.049,-2.32,-1.65,-1.71,-1.795,-1.532,-0.76,-1.224,-1.35,-1.878,-1.593,-1.301,-1.037,-1.425,-1.746,-0.664,mobile,low-end-3
1053,1,302400,1194.64,H,855501,407,150,mastercard,207,1,671,671,3.1,3.1,synth04@freshmail.net,synth04@freshmail.net,F,F,F,F,F,F,F,F,F,1,1,0,0,0,1.7,4.9,4.6,4.9,1.6,2.862,-1.43,-1.351,-2.083,-0.48,-1.554,-1.373,-1.762,-1.419,-1.423,-2.018,-1.118,-0.911,-1.461,-1.707,-1.888,-1.329,-1.911,-1.303,-1.006,mobile,low-end-0
1054,1,303000,533.76,W,855501,615,150,amex,121,0,146,146,4.8,4.8,synth05@freshmail.net,synth05@freshmail.net,F,F,F,F,F,F,F,F,F,1,1,0,0,0,1.2,2.8,1.5,2.0,3.8,2.205,-1.52,-1.521,-1.55,-1.662,-1.412,-2.054,-1.571,-1.627,-1.897,-1.115,-1.785,-1.741,-1.72,-1.398,-1.958,-2.037,-1.939,-0.973,-2.438,mobile,low-end-1
1055,1,303600,1059.93,R,855502,252,150,visa,199,1,176,176,11.0,11.0,synth06@freshmail.net,synth06@freshmail.net,F,F,F,F,F,F,F,F,F,1,1,0,0,0,2.3,4.2,1.5,3.8,1.2,2.942,-1.276,-1.151,-2.106,-1.889,-1.61,-1.728,-1.774,-1.242,-0.902,-1.391,-0.931,-2.415,-0.887,-0.841,-1.188,-1.232,-1.201,-1.411,-1.745,mobile,low-end-2
1056,1,304200,958.22,C,855502,454,150,discover,119,1,155,155,0.7,0.7,synth07@freshmail.net,synth07@freshmail.net,F,F,F,F,F,F,F,F,F,1,1,0,0,0,1.9,2.4,4.3,4.3,4.4,2.332,-2.139,-1.441,-2.038,-1.579,-1.872,-1.673,-1.447,-1.514,-1.522,-1.848,-1.052,-1.345,-1.979,-1.633,-1.365,-1.129,-1.781,-1.213,-2.093,mobile,low-end-3
1057,1,304800,1102.5,R,855502,890,150,discover,158,1,616,616,2.5,2.5,synth08@freshmail.net,synth08@freshmail.net,F,F,F,F,F,F,F,F,F,1,1,0,0,0,2.4,4.7,3.5,1.8,3.5,2.291,-1.837,-1.006,-0.924,-1.568,-1.043,-1.623,-1.621,-1.832,-1.221,-1.253,-2.016,-1.436,-1.707,-1.861,-1.51,-2.268,-1.674,-0.744,-1.326,mobile,low-end-0
1058,1,305400,624.2,C,855503,133,150,amex,204,0,204,204,9.4,9.4,synth09@freshmail.net,synth09@freshmail.net,F,F,F,F,F,F,F,F,F,1,1,0,0,0,2.4,1.7,1.7,3.1,2.5,2.429,-2.519,-1.698,-1.574,-1.765,-1.655,-1.805,-0.95,-1.37,-1.309,-1.557,-1.384,-0.996,-1.728,-1.744,-1.895,-1.838,-1.666,-1.426,-1.842,mobile,low-end-1
1059,1,306000,1084.97,H,855503,870,150,discover,171,1,109,109,2.2,2.2,synth10@freshmail.net,synth10@freshmail.net,F,F,F,F,F,F,F,F,F,1,1,0,0,0,1.4,4.3,4.5,4.0,2.7,2.817,-0.953,-1.233,-0.872,-1.406,-1.348,-1.463,-1.367,-1.226,-0.829,-1.182,-1.153,-1.717,-1.888,-1.377,-1.661,-1.137,-1.468,-1.471,-1.527,mobile,low-end-2
1060,1,306600,1095.97,W,855503,260,150,mastercard,117,1,500,500,12.1,12.1,synth11@freshmail.net,synth11@freshmail.net,F,F,F,F,F,F,F,F,F,1,1,0,0,0,2.9,5.0,2.8,3.2,2.2,2.067,-1.107,-0.975,-1.128,-1.857,-1.471,-1.096,-1.079,-1.05,-1.173,-1.217,-1.705,-2.027,-1.331,-1.682,-1.002,-1.849,-1.652,-1.671,-1.113,mobile,low-end-3
1061,0,82533,45.0,H,411112,664,150,visa,122,1,183,183,12.7,12.7,family.doe@gmail.com,family.doe@gmail.com,T,T,T,T,T,T,T,T,T,3,1,2,3,3,9.2,9.1,6.0,32.9,6.7,-0.444,-0.251,-0.919,-0.583,-0.594,-0.199,0.565,-0.005,0.075,-0.471,0.144,0.848,-0.044,-0.412,-0.583,0.131,-0.471,0.357,-0.506,-0.828,desktop,family-iphone-01
1062,0,349555,60.25,C,411112,370,150,amex,129,0,311,311,8.0,8.0,family.doe@gmail.com,family.doe@gmail.com,T,T,T,T,T,T,T,T,T,2,2,2,1,1,58.9,22.8,43.7,33.7,50.6,0.199,-0.337,-0.297,-0.085,-0.271,-0.392,-0.542,-0.78,-0.483,-0.051,0.503,-0.332,-0.606,0.803,-0.572,0.047,-0.468,-0.359,0.193,0.231,mobile,family-iphone-01
1063,0,227225,89.99,C,522223,265,150,discover,102,0,144,144,2.4,2.4,upgrade.d@gmail.com,upgrade.d@gmail.com,T,T,T,T,T,T,T,T,T,1,1,3,3,1,54.0,13.1,14.1,55.7,33.4,-1.093,0.738,-0.666,-0.781,-0.128,-0.919,0.33,-0.114,-0.443,-0.35,-0.35,0.04,-0.235,0.148,-0.741,-0.424,-0.428,-0.418,0.376,0.661,mobile,pixel-8-new
1064,0,389642,1850.5,R,633334,139,150,visa,111,0,233,233,13.6,13.6,payroll@acmecorp.com,emp.101@acmecorp.com,T,T,T,T,T,T,T,T,T,1,3,3,2,3,28.1,53.1,43.4,28.6,56.6,-0.85,0.096,-0.533,0.729,0.797,-0.521,-0.467,-0.242,-0.024,0.852,0.177,-0.112,-0.511,-0.363,-0.003,0.052,-0.002,-0.06,-0.6,-0.085,mobile,acme-managed-01
1065,0,245623,55.0,C,744444,665,150,discover,122,0,672,672,8.5,8.5,employee@bigcorp.com,employee@bigcorp.com,T,T,T,T,T,T,T,T,T,2,3,2,3,2,45.5,52.0,41.3,46.1,29.6,-0.093,-0.282,0.112,0.493,-0.334,0.537,-0.256,-0.74,0.687,1.094,0.218,0.007,0.697,0.903,-0.167,0.072,0.036,0.201,0.479,0.116,mobile,corp-nat-7
1066,0,353156,60.0,C,855555,902,150,mastercard,178,0,136,136,5.7,5.7,student.e@univ.edu,student.e@univ.edu,T,T,F,T,T,T,T,F,T,1,1,2,2,2,41.8,27.3,16.0,5.8,43.7,0.552,-0.307,-0.096,-0.633,-0.401,-0.23,0.143,-0.328,0.536,-0.127,-0.04,0.027,0.27,0.529,-0.552,-0.213,-0.134,0.211,-0.385,-0.032,desktop,student-phone-d
1067,0,211146,453.67,W,904225,169,150,discover,181,0,335,335,12.1,12.1,user1067@example.com,user1067@example.com,F,T,T,T,F,T,T,T,T,2,3,3,1,3,50.8,18.7,10.1,42.1,50.2,1.028,0.532,-0.462,0.069,0.312,-0.244,0.717,-0.247,0.496,-0.315,0.254,0.775,0.237,-0.244,0.111,0.362,-0.214,-0.197,0.881,0.698,desktop,office-pc-02
1068,0,83472,498.64,R,904592,507,150,mastercard,196,1,231,231,1.3,1.3,user1068@example.com,user1068@example.com,T,T,T,T,T,F,F,F,T,2,3,1,3,2,26.7,42.7,14.6,58.7,43.4,-0.74,0.19,0.343,0.026,-0.387,-0.216,-0.294,-0.252,-0.351,-0.111,-0.678,0.123,-0.391,0.439,0.191,0.753,-0.682,0.706,-0.058,0.309,mobile,office-pc-07
1069,0,199834,530.71,S,908186,237,150,amex,200,0,407,407,4.1,4.1,user1069@corp.com,user1069@corp.com,T,T,T,F,T,T,T,T,T,1,2,1,3,1,8.3,49.8,31.2,39.6,29.7,-0.24,0.408,-1.077,-0.429,-0.005,0.1,0.727,0.694,0.324,-0.076,-0.643,-0.332,0.397,0.774,-0.459,0.591,-0.814,0.064,0.377,-0.313,mobile,user-dev-30
1070,0,155942,565.42,H,904383,719,150,discover,134,0,471,471,11.3,11.3,user1070@corp.com,user1070@corp.com,T,F,T,T,T,F,T,T,T,2,2,1,1,1,11.9,17.9,18.8,45.9,46.2,0.123,0.488,0.97,0.664,-0.164,0.028,0.08,-0.604,0.234,-0.006,-0.155,-0.142,0.452,-0.207,0.106,0.811,-0.244,0.091,-0.302,-0.051,mobile,user-dev-23
1071,0,250499,562.84,R,907127,636,150,amex,216,0,593,593,8.3,8.3,user1071@gmail.com,user1071@gmail.com,T,F,F,T,T,F,T,T,T,2,2,2,2,2,13.6,5.6,33.8,46.7,12.5,-0.142,0.602,-0.222,-0.538,0.015,-0.422,0.089,-0.89,-0.732,-0.511,-0.309,-0.096,0.396,-0.362,0.001,0.792,-0.571,-0.745,0.037,0.2,desktop,user-dev-16
1072,0,350852,498.83,H,901809,752,150,discover,179,0,378,378,10.7,10.7,user1072@example.com,user1072@example.com,F,T,T,T,T,T,T,F,T,1,2,1,1,1,58.3,6.2,58.5,20.5,11.9,-0.059,0.024,0.073,0.046,0.107,0.511,0.131,-0.573,-0.534,0.559,0.2,0.041,0.001,-0.281,-0.052,0.496,-0.305,-0.085,0.301,-0.231,mobile,user-dev-01
1073,0,143942,633.69,C,907747,498,150,amex,219,0,262,262,9.6,9.6,user1073@gmail.com,user1073@gmail.com,T,T,F,T,F,T,T,T,T,3,3,3,1,2,31.5,21.4,24.8,7.9,41.7,0.362,-0.061,-0.08,0.035,0.182,-0.637,-0.296,0.227,0.647,-0.128,-0.278,-0.711,0.482,0.71,0.005,0.589,-0.178,-0.418,0.829,-0.16,mobile,user-dev-04
1074,0,266393,421.82,C,900350,805,150,discover,145,1,237,237,4.1,4.1,user1074@gmail.com,user1074@gmail.com,T,T,T,T,F,T,T,T,T,2,3,2,3,2,34.9,32.0,36.2,34.9,22.8,-0.986,0.198,-0.808,-0.577,0.329,0.52,-0.879,0.289,-0.531,-0.142,0.096,-0.586,-0.106,-1.03,-0.347,-0.325,-0.32,-0.301,1.205,0.507,mobile,user-dev-13
1075,0,354763,446.63,C,900513,306,150,visa,162,0,201,201,1.0,1.0,user1075@example.com,user1075@example.com,T,T,T,T,T,T,T,T,F,3,2,3,3,3,37.5,7.7,17.1,44.5,5.7,0.642,-0.348,0.851,-0.411,-0.699,0.142,-0.529,0.632,0.717,-0.59,0.048,-0.167,-0.455,-0.411,-0.093,-0.944,0.308,0.164,-0.229,-0.028,mobile,office-pc-05
1076,0,282024,129.63,S,906998,206,150,mastercard,201,0,663,663,6.3,6.3,user1076@outlook.com,user1076@outlook.com,T,T,T,T,T,T,T,T,T,3,1,3,3,2,56.3,54.6,35.3,59.8,51.5,-0.603,0.371,0.204,-0.392,0.037,0.627,-0.447,0.447,-0.016,-0.472,-1.212,0.374,0.133,0.0,-0.019,0.089,0.695,0.789,1.441,0.06,mobile,user-dev-21
1077,0,91377,503.32,H,906015,696,150,mastercard,129,0,407,407,1.8,1.8,user1077@example.com,user1077@example.com,F,T,F,T,T,T,T,T,T,3,1,3,1,3,22.9,31.5,31.9,54.4,43.7,0.095,-0.203,-0.086,-0.108,0.176,-0.458,0.212,-1.109,-0.521,0.888,-1.057,0.463,0.623,0.589,-0.014,-0.973,0.639,-0.307,-0.112,-0.123,desktop,user-dev-03
1078,0,247413,354.63,C,907077,396,150,discover,118,0,444,444,1.7,1.7,user1078@corp.com,user1078@corp.com,T,T,T,T,T,T,T,T,T,3,1,3,2,2,9.7,32.6,47.6,12.2,12.4,-0.539,-0.211,-0.19,-0.27,-0.608,-0.543,0.005,0.193,0.074,-0.436,0.192,-0.099,-0.248,-0.463,-0.255,0.358,-0.092,-0.062,-0.501,1.395,desktop,user-dev-29
1079,0,156450,290.78,C,904714,114,150,amex,188,0,412,412,7.0,7.0,user1079@gmail.com,user1079@gmail.com,F,T,T,T,T,T,T,T,T,2,1,3,3,1,16.2,33.8,19.2,31.6,45.1,0.489,0.601,0.657,0.076,-0.077,-0.128,0.196,0.359,0.169,-0.673,0.689,0.239,0.495,0.026,-0.13,0.969,-0.535,-0.844,0.998,0.12,desktop,user-dev-25
1080,0,201198,637.03,W,900652,353,150,amex,142,0,502,502,11.3,11.3,user1080@gmail.com,user1080@gmail.com,T,T,F,T,T,T,T,F,T,2,3,2,2,3,21.6,59.8,58.8,20.2,8.4,-0.024,0.494,1.523,-0.0,1.146,-0.42,0.07,0.452,-0.212,0.169,-0.076,-0.602,-0.444,-0.913,-0.202,-0.479,-0.473,-0.233,-0.26,0.63,mobile,office-pc-05
1081,0,149086,140.74,C,909255,261,150,amex,108,1,645,645,14.3,14.3,user1081@gmail.com,user1081@gmail.com,T,T,T,F,T,T,T,T,F,1,2,1,3,1,47.1,53.4,27.8,27.6,29.4,0.969,-0.428,0.365,-0.163,0.043,-0.234,0.338,0.777,-0.3,-0.255,-0.331,-0.148,0.085,0.758,-0.484,0.59,-0.584,0.087,-0.624,-0.482,mobile,user-dev-12
1082,0,283140,323.51,C,901084,281,150,discover,210,1,601,601,10.5,10.5,user1082@example.com,user1082@example.com,T,T,T,T,T,T,T,T,F,1,2,2,1,3,45.4,25.9,22.2,38.6,45.8,-0.507,-0.339,0.625,-0.619,-0.543,-0.071,0.068,-0.13,0.604,-0.016,-0.646,0.497,-0.563,-0.214,-0.108,-0.116,-0.129,0.487,-0.315,0.883,mobile,user-dev-11
1083,0,301491,197.02,R,902217,502,150,discover,141,0,125,125,3.1,3.1,user1083@corp.com,user1083@corp.com,F,T,F,T,T,T,T,T,T,3,1,2,1,2,22.8,40.7,44.1,14.0,45.3,0.658,0.424,-0.141,-0.158,-0.214,-0.777,0.68,-0.107,0.339,0.534,0.295,0.083,-0.516,0.871,0.193,-0.226,0.526,0.675,0.407,0.136,desktop,user-dev-29
1084,0,231404,410.18,S,903898,322,150,discover,158,0,552,552,1.7,1.7,user1084@corp.com,user1084@corp.com,T,T,T,T,T,T,F,T,T,1,1,3,2,3,39.6,50.1,16.4,15.2,8.0,-0.163,0.228,0.643,0.133,-0.357,-0.271,0.205,0.126,0.296,-0.012,-0.158,0.718,-0.202,-0.62,-1.204,-0.496,-0.002,-0.473,0.834,0.191,mobile,user-dev-24
1085,0,278673,534.61,C,900954,211,150,visa,161,1,394,394,6.7,6.7,user1085@outlook.com,user1085@outlook.com,T,T,T,T,T,F,T,T,T,2,3,3,3,2,56.0,38.8,32.3,45.1,32.4,0.37,-0.969,0.045,0.412,0.087,0.235,-0.871,0.195,-0.027,-0.34,-0.387,-0.343,0.445,0.131,0.119,-0.324,-0.485,-0.592,-0.005,0.187,mobile,office-pc-03
1086,0,368355,215.96,S,907775,916,150,visa,182,0,593,593,2.8,2.8,user1086@example.com,user1086@example.com,T,T,T,T,T,T,T,T,T,3,2,2,2,3,8.1,33.7,36.1,42.3,35.5,0.652,0.077,-0.547,0.97,0.053,-0.177,0.567,0.773,-0.258,0.411,-0.294,-0.064,-0.254,-0.199,0.648,0.585,-0.354,0.922,-0.099,-0.385,mobile,office-pc-02
1087,0,204592,246.56,S,908193,257,150,mastercard,143,0,636,636,5.0,5.0,user1087@outlook.com,user1087@outlook.com,T,T,T,T,T,T,T,T,T,1,1,3,3,1,16.3,7.0,26.3,52.6,11.4,-0.056,0.139,0.586,-0.827,-0.524,0.908,0.68,0.514,-0.003,-0.107,0.038,-0.713,0.084,0.324,-0.14,0.6,0.106,-0.738,-0.042,0.29,mobile,user-dev-01
1088,0,373405,338.03,H,908857,554,150,visa,116,0,582,582,13.6,13.6,user1088@gmail.com,user1088@gmail.com,T,T,T,T,T,T,T,T,T,1,2,1,1,2,26.6,43.8,54.0,39.6,43.0,-0.442,0.156,-0.164,0.289,0.048,-0.909,0.997,0.536,0.059,-0.645,0.751,0.496,-0.072,-0.214,-0.266,0.668,0.058,-0.561,0.263,-0.09,desktop,user-dev-17
1089,0,270552,259.71,C,904625,886,150,amex,177,1,230,230,7.9,7.9,user1089@example.com,user1089@example.com,T,T,T,F,T,T,T,T,T,3,1,2,3,3,8.9,21.6,30.4,37.5,18.1,0.012,0.294,-0.184,0.02,0.2,0.743,-1.271,0.587,-0.417,-0.188,-0.106,-0.289,-0.397,-0.718,-0.226,-0.925,0.507,0.443,-0.103,0.202,mobile,user-dev-12
1090,0,241499,621.68,R,900004,875,150,mastercard,184,0,563,563,8.2,8.2,user1090@example.com,user1090@example.com,T,T,T,T,T,T,T,T,T,3,3,2,1,1,42.5,22.4,36.4,55.2,21.8,0.501,-0.186,0.457,-0.05,0.054,0.034,0.507,-0.043,0.29,0.3,-0.43,0.462,0.736,0.255,0.203,-0.426,0.645,-0.767,0.072,0.775,mobile,user-dev-21
1091,0,280692,268.67,C,902201,111,150,visa,182,0,247,247,11.0,11.0,user1091@example.com,user1091@example.com,T,T,T,T,T,T,T,T,T,3,2,1,1,1,40.3,27.9,30.1,48.4,38.2,-0.281,0.142,-0.633,-0.037,-0.446,0.145,0.267,0.626,-0.855,-0.456,0.049,0.588,-0.532,0.334,-0.928,1.026,-0.711,-0.324,0.434,0.374,desktop,user-dev-06
1092,0,154494,476.78,W,908835,917,150,amex,178,0,451,451,8.3,8.3,user1092@gmail.com,user1092@gmail.com,T,F,T,T,T,T,T,T,T,2,2,3,2,3,45.4,28.2,57.8,48.9,20.9,1.104,0.249,-0.003,-0.806,-0.164,-0.069,-0.3,0.051,1.444,0.486,0.253,-0.652,-0.048,0.202,-0.976,-0.034,-0.046,0.263,-0.191,0.969,mobile,user-dev-08
1093,0,396576,120.1,H,901383,248,150,mastercard,207,0,522,522,11.7,11.7,user1093@yahoo.com,user1093@yahoo.com,T,T,T,T,T,T,T,T,F,3,2,3,3,1,16.6,45.4,24.0,40.3,46.6,0.226,0.202,-0.341,0.252,-0.02,-0.835,-0.479,-0.099,-0.156,-0.545,0.619,0.799,1.141,0.085,-0.715,0.238,0.736,-0.18,1.081,0.285,desktop,user-dev-23
1094,0,306380,399.93,R,903194,632,150,amex,186,1,284,284,5.0,5.0,user1094@gmail.com,user1094@gmail.com,T,T,T,T,T,T,T,T,T,3,1,1,1,2,10.4,10.7,29.5,17.1,20.6,0.038,0.103,0.989,0.645,-0.526,-0.791,0.679,-0.218,-0.066,-0.244,0.164,-0.207,-0.595,-0.892,-1.196,-0.527,0.612,-0.469,-0.012,0.561,mobile,user-dev-30
1095,0,224904,501.93,H,904337,282,150,discover,108,0,305,305,9.3,9.3,user1095@yahoo.com,user1095@yahoo.com,T,T,T,T,T,T,T,T,F,3,2,1,1,3,47.3,17.0,40.4,55.2,44.3,0.155,0.118,-0.342,-0.165,-1.004,0.355,0.424,0.575,0.674,-0.302,-0.08,0.772,0.54,-0.369,-1.18,-0.114,-0.534,0.031,0.485,-0.724,mobile,office-pc-05
1096,0,198408,10.12,W,905986,647,150,amex,110,0,396,396,9.9,9.9,user1096@yahoo.com,user1096@yahoo.com,F,T,T,T,F,T,T,T,T,3,1,2,3,1,21.4,26.5,10.9,42.9,31.8,0.403,-0.354,0.05,0.125,1.655,0.266,0.036,0.495,0.191,-0.692,-1.294,0.003,0.493,-1.207,0.453,0.047,-0.418,0.681,-0.286,0.193,desktop,office-pc-04
1097,0,320318,611.54,R,900751,348,150,mastercard,101,0,151,151,13.6,13.6,user1097@gmail.com,user1097@gmail.com,F,T,T,T,T,T,T,T,F,2,3,1,3,1,50.0,10.8,32.3,49.0,17.1,0.177,-0.496,0.535,-1.314,-0.193,-0.399,0.647,-0.099,0.619,0.723,0.227,-0.819,-0.377,-0.25,0.2,0.19,-0.665,0.392,-0.507,-0.177,desktop,user-dev-03
1098,0,149924,72.18,H,906820,810,150,discover,188,0,311,311,2.6,2.6,user1098@outlook.com,user1098@outlook.com,T,T,T,T,T,T,T,T,T,3,2,2,1,1,38.6,7.1,14.9,32.5,57.3,-0.609,-0.626,-0.028,0.039,0.023,0.249,-0.22,-0.042,-0.547,0.645,-0.341,-0.087,0.093,-0.728,-0.054,0.324,0.219,-0.728,0.556,-0.111,mobile,user-dev-11
1099,0,102604,42.69,C,900477,596,150,visa,109,0,555,555,9.1,9.1,user1099@outlook.com,user1099@outlook.com,T,T,T,T,F,T,T,T,T,2,1,3,3,2,17.7,11.1,17.5,18.0,27.7,0.326,1.002,0.594,0.296,0.504,0.179,0.145,0.67,0.211,0.435,-0.317,0.086,-0.25,0.308,-0.066,0.11,-0.369,-0.17,0.429,0.36,mobile,user-dev-11
1100,0,260132,149.15,R,908016,982,150,mastercard,175,0,573,573,4.5,4.5,user1100@example.com,user1100@example.com,T,T,T,F,F,T,T,T,T,3,1,1,2,2,36.9,54.1,37.5,13.2,36.6,1.4,0.045,0.546,0.14,0.015,-0.13,-0.56,-0.111,0.276,-0.886,-0.354,0.109,-0.074,-0.028,-0.14,-1.216,0.281,0.31,-0.131,-0.175,mobile,user-dev-20
1101,0,164831,459.52,S,900023,981,150,visa,149,1,440,440,8.2,8.2,user1101@outlook.com,user1101@outlook.com,F,T,T,T,T,F,T,T,T,2,2,3,3,3,36.6,16.4,42.7,39.1,23.5,0.548,-0.248,0.402,-0.255,0.466,0.156,-0.141,0.031,-0.483,0.538,-0.179,-0.616,0.04,-0.27,-0.317,0.536,-0.485,-0.659,0.014,-1.012,desktop,user-dev-14
1102,0,198194,213.74,R,908731,399,150,discover,179,0,167,167,3.2,3.2,user1102@example.com,user1102@example.com,F,T,T,T,T,T,T,T,T,1,1,2,1,2,57.7,9.2,14.1,11.2,13.1,0.198,0.274,0.102,-0.032,-0.656,0.379,0.515,-0.236,-0.717,0.393,0.321,0.044,0.891,0.124,0.308,-0.521,-0.338,0.564,-0.491,-0.729,mobile,office-pc-08
1103,0,357959,548.5,W,902431,461,150,amex,158,0,264,264,10.8,10.8,user1103@outlook.com,user1103@outlook.com,T,T,T,T,T,T,T,F,T,1,1,3,3,3,48.7,13.9,11.4,59.7,36.6,-0.448,0.174,0.218,0.753,-0.699,-1.192,0.326,0.437,0.61,-0.095,0.081,0.078,0.776,-0.359,1.085,-0.369,0.738,1.101,-0.57,-0.17,desktop,user-dev-19
1104,0,328465,583.22,S,900657,242,150,visa,139,0,511,511,9.5,9.5,user1104@yahoo.com,user1104@yahoo.com,F,T,F,T,T,T,F,T,T,2,2,1,2,1,38.4,15.7,34.0,48.0,47.2,0.07,0.197,0.44,-0.61,1.316,-0.359,-0.457,0.358,-0.477,-0.361,0.696,0.256,-0.635,0.476,-0.444,0.217,0.459,0.035,-0.194,0.507,desktop,user-dev-06
1105,0,193086,475.28,R,909797,188,150,mastercard,126,0,586,586,14.8,14.8,user1105@corp.com,user1105@corp.com,T,F,T,T,T,F,T,F,T,2,1,3,2,1,5.4,40.1,20.0,14.6,30.4,-1.01,-0.459,0.296,0.897,-0.143,0.563,0.187,-0.38,-0.502,-0.298,-0.023,-0.356,0.074,-0.28,-0.222,0.68,-0.168,-0.195,-0.208,-0.356,mobile,office-pc-02
1106,0,208319,26.26,W,906115,624,150,visa,208,0,266,266,8.9,8.9,user1106@yahoo.com,user1106@yahoo.com,T,T,F,T,T,T,T,T,T,2,2,3,1,2,14.0,20.0,28.1,55.2,24.6,-0.152,0.595,0.553,-0.234,0.033,-0.316,0.693,0.468,-0.977,-0.275,0.353,-0.673,-0.24,0.722,-0.085,-0.208,-0.816,-0.449,0.602,0.049,mobile,office-pc-02
1107,0,296003,226.48,R,909030,819,150,visa,153,0,178,178,2.2,2.2,user1107@yahoo.com,user1107@yahoo.com,F,T,T,T,T,F,T,T,T,1,2,2,2,3,24.9,49.9,53.9,37.9,47.0,-0.43,0.659,0.903,0.165,0.17,0.971,0.224,0.28,0.186,0.187,0.675,0.363,0.043,-0.197,0.13,-0.831,0.23,0.063,0.16,-0.578,mobile,office-pc-01
1108,0,142349,591.28,W,901488,249,150,amex,174,0,460,460,2.8,2.8,user1108@corp.com,user1108@corp.com,T,T,T,T,T,T,T,T,T,3,3,1,3,3,8.8,50.1,47.0,34.1,44.4,0.299,-0.068,0.001,-0.047,-0.175,-1.122,0.857,-0.468,-0.764,0.122,0.297,0.687,0.741,0.592,0.522,-0.062,-0.51,-0.046,0.031,-0.433,mobile,user-dev-08
1109,0,352486,95.26,S,903701,667,150,discover,137,0,293,293,12.9,12.9,user1109@example.com,user1109@example.com,T,T,T,T,T,T,T,T,T,3,2,1,1,3,32.0,10.8,29.1,41.2,9.7,0.314,0.397,-0.195,-0.125,1.231,-0.624,1.249,0.538,-0.355,0.571,0.255,-0.015,0.423,-0.684,-0.141,0.778,-0.348,-0.197,0.176,-0.696,mobile,user-dev-23
1110,0,329470,436.01,W,901632,855,150,visa,206,0,610,610,10.3,10.3,user1110@yahoo.com,user1110@yahoo.com,F,F,T,T,T,T,T,T,F,2,3,3,2,1,21.7,39.3,46.8,41.4,33.6,-0.559,0.027,-0.159,0.565,-0.625,-0.019,0.228,-0.581,0.844,0.094,1.028,-0.06,0.401,0.372,0.326,-0.432,0.304,0.07,-0.469,-0.732,desktop,user-dev-11
1111,0,337676,284.5,C,908302,157,150,discover,133,0,486,486,9.4,9.4,user1111@outlook.com,user1111@outlook.com,T,T,T,T,T,T,T,T,T,2,2,1,1,3,7.5,51.0,24.2,45.8,6.5,0.354,-0.288,0.377,0.264,-0.291,0.363,-0.2,-0.32,-0.4,-0.537,0.156,-0.098,-0.153,0.427,0.441,0.055,-0.968,0.243,-0.979,-0.446,mobile,user-dev-02
1112,0,326258,385.49,H,902731,729,150,amex,146,0,306,306,7.7,7.7,user1112@gmail.com,user1112@gmail.com,F,T,T,T,T,T,T,T,T,3,1,2,2,1,21.4,36.5,49.3,39.4,57.7,-0.132,-0.643,-0.335,-0.218,-0.563,-0.249,-0.414,0.204,0.826,0.432,-0.422,-0.012,-0.224,-0.371,-0.327,0.195,-0.743,-0.072,-0.986,-0.304,desktop,office-pc-04
1113,0,177800,378.33,R,900982,634,150,mastercard,146,0,251,251,4.0,4.0,user1113@outlook.com,user1113@outlook.com,T,F,T,T,F,T,T,T,T,2,2,2,1,3,16.2,27.7,50.3,40.5,19.1,-0.41,-0.303,0.247,0.214,0.026,0.937,-0.624,0.143,-0.664,0.282,0.287,0.068,0.253,0.292,0.242,-0.692,0.439,0.874,0.562,-0.13,mobile,user-dev-04
1114,0,124003,209.53,C,901834,684,150,visa,166,1,694,694,14.3,14.3,user1114@corp.com,user1114@corp.com,T,T,F,F,T,F,T,T,T,2,2,1,1,3,11.7,49.4,23.1,37.1,26.4,-0.004,-0.367,-0.247,0.13,0.6,1.18,-0.356,0.142,-0.491,-0.309,-0.86,0.863,-0.213,0.48,-0.527,-1.172,0.854,-0.808,-0.517,0.601,mobile,user-dev-02
1115,0,397621,30.35,W,908764,987,150,mastercard,209,0,497,497,0.6,0.6,user1115@example.com,user1115@example.com,T,T,T,F,T,T,T,T,T,2,2,1,1,2,16.6,54.0,55.4,39.7,53.4,0.054,-0.508,0.981,0.212,0.527,-1.064,-0.508,0.093,0.431,-0.668,0.662,-0.648,0.349,-0.691,-0.465,-0.019,-0.734,-0.548,-0.042,-0.548,mobile,user-dev-04
1116,0,176332,412.56,C,909733,802,150,discover,201,0,562,562,7.4,7.4,user1116@yahoo.com,user1116@yahoo.com,T,T,T,T,T,T,T,T,F,2,1,3,3,2,49.0,15.9,27.8,15.0,53.2,0.977,-0.353,0.194,1.201,0.639,-0.335,-0.762,-0.778,0.328,-0.054,-0.092,-0.29,-0.43,0.308,-0.014,0.216,-0.819,0.895,0.589,0.535,mobile,user-dev-30
1117,0,339076,84.08,H,903103,528,150,mastercard,152,0,129,129,4.7,4.7,user1117@outlook.com,user1117@outlook.com,T,T,F,T,T,T,T,F,T,1,3,2,1,2,37.1,40.6,9.7,30.8,52.9,0.497,-0.081,0.116,0.478,-0.597,0.313,0.572,0.283,1.095,0.372,-0.46,0.085,-0.585,-0.462,0.254,-0.744,0.019,-0.048,-0.489,-0.014,mobile,user-dev-24
1118,0,149330,629.49,C,904267,219,150,amex,105,0,611,611,13.1,13.1,user1118@outlook.com,user1118@outlook.com,T,T,T,T,F,F,T,T,T,3,2,2,2,2,38.7,46.9,19.5,22.2,54.1,-0.646,1.48,0.025,-0.285,0.441,-0.584,0.049,-0.158,0.215,0.291,0.378,0.087,-0.146,-0.515,1.144,-0.035,0.454,0.119,-0.147,-0.557,mobile,user-dev-08
1119,0,157622,87.39,W,908619,885,150,mastercard,153,0,352,352,11.6,11.6,user1119@gmail.com,user1119@gmail.com,T,F,T,T,T,T,F,T,T,2,1,2,3,3,11.7,25.5,56.1,10.8,22.8,0.546,0.1,-0.15,-0.552,-0.274,-0.286,-0.244,-0.374,0.671,0.19,-1.161,0.352,1.089,-0.001,0.077,-0.252,0.587,-0.681,-0.184,0.875,desktop,user-dev-05
1120,0,366867,619.12,H,902526,223,150,amex,162,0,417,417,13.6,13.6,user1120@corp.com,user1120@corp.com,T,T,T,F,F,T,F,T,T,1,2,3,1,2,33.2,31.9,53.7,31.2,36.0,-0.744,0.391,0.258,-0.64,-0.482,0.212,0.443,0.115,-0.347,0.081,-0.113,-0.267,-0.704,0.021,-0.409,-0.064,-1.007,0.418,-0.281,0.04,mobile,user-dev-20
1121,0,210366,343.83,H,905824,360,150,visa,198,1,116,116,2.2,2.2,user1121@example.com,user1121@example.com,T,T,T,T,T,T,T,T,T,1,1,2,1,1,27.9,43.7,22.3,44.8,46.7,-0.864,0.281,-0.607,0.939,0.127,-0.32,1.251,0.67,-0.044,0.747,-0.087,0.038,-0.065,0.05,-0.31,-0.461,-0.606,0.411,-0.029,-0.804,mobile,office-pc-10
1122,0,269125,451.41,W,903429,592,150,mastercard,183,0,546,546,12.7,12.7,user1122@corp.com,user1122@corp.com,F,T,T,T,T,T,T,T,T,1,1,2,2,1,31.1,6.2,14.1,13.4,43.6,0.55,-0.127,0.422,-0.512,0.195,0.619,0.081,-0.14,0.705,0.035,-0.32,-1.357,0.475,-0.665,-0.524,-0.36,-0.146,0.559,-0.666,0.058,desktop,office-pc-02
1123,0,201585,466.57,H,907346,814,150,discover,102,0,394,394,11.0,11.0,user1123@example.com,user1123@example.com,T,T,T,T,F,T,T,T,F,2,2,1,3,1,37.3,42.7,55.7,51.9,44.3,-1.016,0.204,-0.084,-0.49,-1.032,0.594,-0.272,-0.387,-1.31,0.23,0.179,0.29,-0.077,-0.198,-0.307,0.033,0.323,0.484,0.323,-1.153,mobile,user-dev-20
1124,0,203060,142.46,S,901868,732,150,mastercard,115,1,329,329,7.6,7.6,user1124@outlook.com,user1124@outlook.com,T,T,F,T,T,T,F,T,T,2,1,3,2,1,51.9,53.1,38.2,10.7,7.8,0.845,-0.297,0.817,-0.195,0.861,-0.138,-0.763,-0.629,0.516,0.384,-0.302,-0.014,0.25,0.229,-0.521,0.617,-0.22,-0.818,-1.011,0.01,mobile,user-dev-24
1125,0,255430,533.9,H,906102,832,150,discover,146,1,351,351,2.7,2.7,user1125@corp.com,user1125@corp.com,T,T,F,T,T,T,T,T,T,2,1,1,2,2,55.5,54.4,57.4,33.4,42.5,0.507,-0.187,0.1,-0.789,-0.189,-0.021,-0.267,0.431,0.075,-0.528,-0.108,0.085,0.253,-0.134,-1.231,-0.623,0.889,-0.112,0.953,-0.944,mobile,user-dev-26
1126,0,370251,568.82,R,907245,814,150,amex,213,1,514,514,11.7,11.7,user1126@outlook.com,user1126@outlook.com,T,T,T,T,F,T,T,T,T,1,1,3,2,2,44.9,45.7,11.9,59.6,20.6,0.529,0.349,-0.834,-0.112,0.064,0.1,0.193,-0.641,0.047,0.861,-0.217,-1.457,0.135,0.112,-0.49,0.503,-0.095,0.124,-0.15,-0.21,mobile,office-pc-07
1127,0,82733,298.92,H,909385,788,150,mastercard,191,0,632,632,11.2,11.2,user1127@gmail.com,user1127@gmail.com,F,T,F,T,F,T,T,T,T,2,3,3,1,2,30.0,13.1,28.4,27.7,10.1,-0.235,0.12,0.044,0.197,-0.225,-0.455,-0.81,-0.314,0.46,-0.477,-1.101,-1.272,-0.454,-1.127,-0.06,-0.516,0.309,0.507,-0.551,0.053,desktop,office-pc-03
1128,0,357422,83.79,R,904745,141,150,mastercard,115,0,412,412,14.9,14.9,user1128@outlook.com,user1128@outlook.com,T,T,T,F,T,F,T,T,T,2,2,1,1,1,48.1,28.2,56.5,21.8,20.6,0.335,0.749,0.63,0.008,0.138,0.062,-0.427,0.051,-0.434,0.134,-0.68,0.661,0.134,-0.231,0.458,0.544,0.054,-0.74,0.478,0.65,mobile,office-pc-10
1129,0,294763,256.6,H,909193,760,150,visa,182,1,187,187,3.3,3.3,user1129@corp.com,user1129@corp.com,F,T,T,T,T,T,T,T,T,3,3,1,3,3,15.4,31.2,54.3,11.6,56.5,0.042,0.088,0.086,-0.365,-0.288,-1.005,-0.852,0.311,-0.397,-0.315,0.956,0.278,0.53,0.078,-0.853,0.505,-0.158,0.352,0.172,0.151,mobile,user-dev-19
1130,0,155515,125.27,W,905244,245,150,discover,214,0,364,364,5.9,5.9,user1130@gmail.com,user1130@gmail.com,T,T,F,T,T,F,T,T,T,1,1,1,3,3,18.0,33.0,32.7,57.2,19.8,-0.264,0.577,0.111,0.048,-0.74,-0.824,0.631,0.074,-0.198,-0.119,0.059,-0.724,0.457,0.46,-0.912,0.322,-0.874,-0.002,0.39,0.486,mobile,user-dev-16
1131,0,361823,619.58,S,904478,712,150,amex,207,1,489,489,15.0,15.0,user1131@yahoo.com,user1131@yahoo.com,F,T,T,T,F,T,T,T,T,3,3,2,1,1,45.7,36.0,21.5,26.7,11.8,0.407,0.49,-0.098,0.523,-0.966,-0.803,-0.315,0.688,-0.214,0.325,0.009,-0.549,0.037,1.427,-0.302,0.465,-0.073,-0.052,-0.258,-0.673,mobile,office-pc-09
1132,0,329838,10.75,R,900508,952,150,discover,186,0,461,461,14.6,14.6,user1132@example.com,user1132@example.com,T,T,T,T,T,T,T,F,T,3,2,2,1,3,59.1,11.9,25.4,15.6,5.5,-0.036,-0.842,-0.332,-0.712,0.331,0.859,-0.642,-0.644,0.252,1.377,0.134,-0.028,-0.779,0.035,-0.047,-0.037,0.71,-0.07,0.309,0.259,desktop,office-pc-02
1133,0,169379,362.25,C,908571,846,150,amex,124,1,123,123,14.9,14.9,user1133@corp.com,user1133@corp.com,T,T,T,T,T,T,T,T,T,3,2,3,3,2,5.1,28.5,42.0,40.8,52.0,-0.427,0.865,-0.212,0.141,-0.581,-0.067,-0.148,-0.016,-0.028,-0.153,0.537,-0.302,-0.202,0.456,-0.523,0.887,0.539,-1.423,0.117,0.756,mobile,user-dev-16
1134,0,183220,113.6,W,907760,344,150,amex,206,0,441,441,8.0,8.0,user1134@yahoo.com,user1134@yahoo.com,T,T,T,T,T,T,T,T,T,1,3,3,2,1,39.4,36.8,9.7,8.3,6.8,-0.376,0.894,0.24,0.104,0.472,-0.263,-0.223,0.665,0.689,0.302,-0.389,-0.152,-0.165,0.152,0.004,-0.364,-0.595,-0.43,0.491,0.033,mobile,office-pc-10
1135,0,133098,226.03,C,909392,229,150,amex,145,0,592,592,11.0,11.0,user1135@example.com,user1135@example.com,F,T,T,T,T,T,T,T,T,1,1,1,1,1,12.0,37.1,33.2,40.8,24.7,-0.54,-0.313,0.343,0.446,-0.33,-0.251,0.593,-0.112,-0.153,-0.234,0.073,0.922,-0.156,-0.061,-0.761,1.138,-0.213,-0.259,0.295,0.135,mobile,user-dev-30
1136,0,394448,452.53,W,903655,809,150,mastercard,159,1,318,318,4.0,4.0,user1136@outlook.com,user1136@outlook.com,F,T,T,T,T,T,F,F,T,3,2,1,2,1,50.4,5.4,5.5,24.7,35.5,0.337,0.42,-0.749,-0.811,-0.867,1.049,0.128,0.388,0.076,0.382,0.444,0.862,0.008,0.33,0.175,0.348,0.759,0.56,0.475,0.554,mobile,user-dev-22
1137,0,190224,203.86,C,902143,913,150,mastercard,124,1,487,487,10.6,10.6,user1137@outlook.com,user1137@outlook.com,T,T,T,F,F,F,F,F,T,3,2,3,1,1,47.0,37.3,52.0,21.2,13.2,0.013,0.704,-0.049,0.255,-0.661,-0.034,-0.804,0.056,0.191,-0.864,-0.227,-0.2,-0.789,0.669,0.003,-0.484,-0.312,-0.037,-0.143,-0.594,mobile,office-pc-02
1138,0,328385,180.27,S,909362,260,150,amex,132,1,186,186,2.4,2.4,user1138@gmail.com,user1138@gmail.com,T,F,T,T,T,T,F,T,T,2,2,3,2,1,37.1,30.6,39.2,28.4,30.7,-0.76,0.489,-0.201,0.448,0.156,0.33,-0.288,-0.373,0.835,0.476,-0.716,-0.058,0.255,-1.114,0.157,0.112,0.325,0.08,0.147,0.422,mobile,user-dev-18
1139,0,179951,461.02,S,906648,941,150,visa,160,1,624,624,14.8,14.8,user1139@yahoo.com,user1139@yahoo.com,F,F,T,T,F,T,T,T,T,2,1,1,3,3,16.5,17.9,37.3,35.4,30.8,0.18,-0.42,0.829,0.497,-1.076,0.516,-0.467,0.266,0.075,-0.099,0.654,0.779,-0.28,0.769,-0.733,0.001,-0.218,0.283,-0.746,0.376,desktop,office-pc-05
1140,0,237096,217.34,S,906248,309,150,discover,108,1,495,495,3.2,3.2,user1140@gmail.com,user1140@gmail.com,T,T,F,T,F,T,T,T,T,2,3,2,3,2,10.1,10.7,35.4,6.8,42.9,-0.321,0.023,1.163,0.543,-0.077,0.356,-0.102,-0.161,0.566,0.214,0.467,0.874,-0.248,0.155,0.476,0.397,-0.187,0.026,0.962,-0.279,mobile,user-dev-14
1141,0,242401,285.47,C,907303,165,150,discover,177,0,638,638,5.3,5.3,user1141@corp.com,user1141@corp.com,T,T,T,F,T,T,T,T,T,2,2,2,3,1,45.6,20.8,53.5,30.1,43.5,-0.1,-0.408,-0.691,-0.594,0.172,0.337,0.657,-0.478,-1.061,0.288,0.263,0.592,-0.947,0.748,0.065,1.009,-0.105,0.695,-0.29,1.075,desktop,user-dev-14
1142,0,338729,272.04,W,907573,127,150,visa,181,1,572,572,6.0,6.0,user1142@example.com,user1142@example.com,T,T,T,T,T,T,T,T,T,1,2,1,1,2,11.3,55.4,23.0,46.2,31.7,0.573,0.262,0.059,1.223,0.589,0.715,0.166,-0.257,0.229,0.026,-0.169,0.595,-0.156,0.127,0.064,-0.749,0.268,0.387,0.028,0.129,desktop,office-pc-05
1143,0,193333,291.8,W,906184,885,150,mastercard,218,0,483,483,13.7,13.7,user1143@yahoo.com,user1143@yahoo.com,T,T,T,T,T,T,T,T,T,1,1,2,1,1,23.5,15.6,41.8,17.1,53.5,0.274,-0.901,0.149,0.263,-0.206,0.121,-0.299,0.569,0.126,0.316,-1.142,-0.306,0.252,0.239,-0.192,0.242,-0.356,0.251,-0.425,0.355,mobile,user-dev-18
1144,0,273451,36.21,H,901553,714,150,amex,180,1,497,497,10.3,10.3,user1144@yahoo.com,user1144@yahoo.com,F,T,T,T,F,T,T,F,T,2,1,3,3,2,58.8,41.7,8.7,6.0,55.2,-0.568,0.189,-0.03,-0.591,-0.023,-0.078,0.836,0.112,0.261,0.258,-0.337,0.162,0.239,0.13,-0.336,0.003,-0.509,0.504,0.06,0.802,mobile,user-dev-22
1145,0,150394,186.56,C,903373,652,150,visa,216,1,354,354,12.1,12.1,user1145@yahoo.com,user1145@yahoo.com,T,T,T,F,T,T,T,T,T,3,2,3,2,1,29.3,5.3,52.8,8.8,15.6,-0.183,-0.206,0.062,0.21,-0.788,-0.518,0.334,-0.153,0.708,0.379,-0.301,0.741,0.01,0.311,0.003,0.41,-0.673,0.227,-0.119,0.864,mobile,user-dev-24
1146,0,288794,250.49,W,904919,709,150,mastercard,170,1,279,279,4.2,4.2,user1146@example.com,user1146@example.com,T,T,T,T,T,F,T,T,T,2,2,2,2,3,38.3,9.0,12.5,30.8,13.5,0.03,0.075,-0.804,-0.004,-1.138,0.061,1.235,-0.486,-0.405,0.415,-0.421,-0.516,-0.118,0.076,0.434,-0.233,-0.301,-0.132,-0.354,0.15,desktop,user-dev-23
1147,0,347181,463.26,W,902423,367,150,discover,220,1,250,250,4.2,4.2,user1147@corp.com,user1147@corp.com,T,T,T,T,T,T,T,F,T,3,3,1,1,1,47.4,40.4,55.4,26.9,37.2,0.491,-0.352,0.197,0.486,0.183,-0.335,-0.422,1.24,-0.267,-0.412,-0.183,0.481,0.575,-0.565,0.603,0.377,0.077,-0.453,0.519,0.649,desktop,user-dev-26
1148,0,241533,12.12,C,902201,302,150,discover,123,1,212,212,7.0,7.0,user1148@yahoo.com,user1148@yahoo.com,T,T,T,T,T,T,T,T,T,1,1,1,3,1,49.5,15.6,59.1,52.9,29.2,0.205,-0.125,-0.133,-0.154,0.222,0.132,0.113,0.048,0.055,0.574,0.005,-0.069,-0.126,1.24,-0.448,-0.76,0.332,0.09,0.126,-0.469,desktop,user-dev-18
1149,0,334765,311.81,W,905834,994,150,amex,203,0,103,103,7.1,7.1,user1149@example.com,user1149@example.com,T,T,T,F,F,T,F,T,T,3,1,1,3,1,52.8,20.4,43.5,49.8,25.3,-0.54,-0.496,-0.51,0.08,0.556,1.353,0.883,-0.241,0.47,0.049,0.87,0.257,-0.248,0.482,-0.396,-0.314,-0.157,-0.134,-1.041,0.507,mobile,user-dev-07
1150,0,281776,196.66,R,907649,272,150,discover,114,0,653,653,4.0,4.0,user1150@yahoo.com,user1150@yahoo.com,T,T,T,T,F,T,T,T,T,1,3,3,1,1,28.9,44.4,13.8,56.1,54.6,0.036,-0.351,-0.027,0.568,0.205,-0.154,0.407,0.466,-0.033,-0.215,-0.363,-0.947,0.775,-0.354,-0.58,-0.425,-0.569,0.555,-0.043,-0.488,desktop,office-pc-06
1151,0,309094,527.02,H,906230,690,150,visa,139,0,648,648,3.3,3.3,user1151@example.com,user1151@example.com,T,T,T,T,T,F,T,T,T,2,2,2,3,1,33.6,38.1,17.2,26.7,34.6,-0.271,0.068,0.892,-0.335,-0.552,0.001,-0.226,-0.167,-0.456,-0.775,-0.197,-0.647,-0.551,1.42,1.212,1.188,-0.154,-0.549,0.277,-0.514,desktop,user-dev-25
1152,0,110834,637.89,S,906420,406,150,mastercard,102,1,501,501,5.4,5.4,user1152@example.com,user1152@example.com,T,T,T,T,T,T,T,F,T,2,2,2,1,3,45.0,20.5,55.8,43.6,35.1,0.362,0.254,0.257,-0.969,1.101,0.389,-0.243,0.687,-0.478,-0.252,-1.06,0.117,0.226,0.874,0.243,0.684,-0.638,0.75,0.703,0.524,mobile,user-dev-25
1153,0,303929,444.2,C,906620,350,150,visa,115,0,506,506,7.6,7.6,user1153@corp.com,user1153@corp.com,T,T,T,T,F,T,T,T,T,1,3,3,2,3,59.5,41.9,9.9,30.5,50.0,-0.522,0.477,-0.072,0.026,0.19,0.171,-0.689,-0.849,0.104,0.657,0.57,-0.045,-0.077,-0.209,-0.411,-0.271,0.779,-0.0,-0.077,0.247,mobile,user-dev-05
1154,0,361810,126.7,W,903400,774,150,visa,123,1,284,284,0.6,0.6,user1154@example.com,user1154@example.com,T,T,T,T,T,T,T,T,T,2,1,1,1,3,16.3,13.9,35.9,51.8,6.9,0.589,-0.075,-0.41,0.474,-1.067,0.56,0.423,0.0,0.571,-0.201,0.15,-0.718,-0.617,0.223,-0.206,-0.572,0.464,-0.041,-0.333,-0.082,mobile,user-dev-03
1155,0,204308,31.58,R,904178,366,150,discover,183,0,509,509,7.1,7.1,user1155@outlook.com,user1155@outlook.com,T,F,T,T,T,T,T,T,T,3,2,3,1,3,16.2,39.6,19.8,39.8,40.5,-0.143,-0.628,-0.359,-0.479,0.477,0.796,-0.357,0.805,-0.934,0.889,0.006,0.397,-0.744,-0.149,-0.372,0.247,0.929,0.581,0.049,-0.277,mobile,user-dev-18
1156,0,85171,70.88,W,908667,457,150,amex,170,0,201,201,13.5,13.5,user1156@yahoo.com,user1156@yahoo.com,F,T,F,T,T,T,F,T,T,2,2,1,2,3,42.3,48.4,35.3,53.5,27.1,-0.324,-0.212,-0.306,-0.729,-0.152,-0.232,-0.359,-0.162,0.622,-0.35,-0.594,0.631,-0.227,-0.468,-0.519,0.141,-0.342,0.446,-0.283,1.202,desktop,user-dev-15
1157,0,240006,416.08,W,904684,667,150,discover,203,0,534,534,10.3,10.3,user1157@yahoo.com,user1157@yahoo.com,T,T,T,T,T,T,T,T,T,2,2,3,3,3,53.8,43.4,27.3,38.9,55.1,-0.02,-0.791,-0.244,-0.796,0.03,0.819,0.887,-0.283,0.448,-0.419,-0.529,-0.433,0.731,-0.165,0.449,-0.411,0.031,0.195,0.32,-0.508,mobile,user-dev-28
1158,0,339788,251.38,C,900037,855,150,discover,127,0,627,627,12.5,12.5,user1158@gmail.com,user1158@gmail.com,T,T,F,T,T,T,T,T,T,2,3,2,1,2,5.3,30.3,21.4,10.9,24.2,-0.087,-0.5,0.53,0.03,0.199,0.581,0.413,-0.306,0.05,-0.031,0.046,-0.377,-0.476,0.089,-0.695,0.794,-0.386,-0.09,0.729,-0.049,mobile,user-dev-11
1159,0,153334,235.1,C,903261,590,150,amex,115,0,600,600,8.5,8.5,user1159@yahoo.com,user1159@yahoo.com,T,T,F,T,T,T,T,T,F,2,2,3,3,3,51.4,26.4,11.0,10.9,6.2,0.329,0.488,0.04,-0.365,-0.199,-0.412,0.809,-0.121,-0.379,0.166,-0.843,0.075,0.004,0.288,-0.378,-0.027,0.105,-0.994,0.377,-0.014,mobile,user-dev-13
1160,0,328456,461.55,W,904487,296,150,mastercard,154,0,304,304,1.8,1.8,user1160@gmail.com,user1160@gmail.com,T,T,T,T,F,T,T,T,T,2,2,3,2,3,39.8,17.7,23.5,31.4,33.0,-0.263,-0.335,-0.049,0.403,-0.309,0.419,-0.066,0.141,0.158,0.042,-0.011,-0.345,-1.077,0.191,0.258,0.189,0.451,-0.152,-0.076,0.213,mobile,office-pc-06
1161,0,148318,220.64,C,909861,223,150,visa,175,1,295,295,3.3,3.3,user1161@example.com,user1161@example.com,T,T,T,T,T,T,T,T,F,1,1,3,3,2,21.6,31.1,46.9,34.3,13.5,0.361,0.374,-0.252,-1.023,0.057,-0.966,-0.429,-0.171,-0.47,0.526,0.396,0.36,-0.605,0.066,0.845,-0.26,0.2,0.347,0.405,-0.084,desktop,user-dev-04
1162,0,179714,483.54,H,903391,288,150,visa,120,1,323,323,9.1,9.1,user1162@gmail.com,user1162@gmail.com,T,T,F,F,T,T,T,T,T,3,2,3,3,3,33.9,21.7,17.1,44.0,35.4,0.073,0.134,0.01,0.141,0.619,0.832,0.356,-0.175,0.181,-0.694,0.006,0.931,-0.026,-0.006,-0.392,0.558,-0.142,0.153,-0.174,-0.607,desktop,user-dev-09
1163,0,294089,584.73,R,901744,839,150,discover,183,0,664,664,3.5,3.5,user1163@example.com,user1163@example.com,T,F,T,T,T,T,T,T,T,1,2,2,1,3,39.6,52.2,26.8,29.5,45.1,-0.259,0.114,-0.58,0.077,-0.89,0.232,0.291,0.581,0.296,-0.11,-0.086,0.422,0.693,-0.609,-0.124,-0.298,0.327,0.414,-0.691,0.201,mobile,user-dev-07
1164,0,356183,96.14,W,904386,246,150,visa,201,0,208,208,8.4,8.4,user1164@outlook.com,user1164@outlook.com,T,T,T,T,T,T,T,F,T,3,1,1,1,2,46.8,54.1,49.9,21.9,31.3,0.024,0.626,-0.069,0.623,0.15,0.02,-0.224,-0.064,0.392,-0.339,0.356,0.003,0.072,0.488,-0.249,0.328,0.669,-0.359,-0.306,-0.73,mobile,office-pc-02
1165,0,168897,644.07,C,902918,538,150,amex,176,0,535,535,2.7,2.7,user1165@outlook.com,user1165@outlook.com,T,F,T,T,T,T,F,T,T,3,2,2,1,2,55.4,41.4,56.3,49.6,44.1,0.029,0.015,0.259,-0.116,-0.245,-0.365,-0.618,0.507,0.126,-0.556,0.599,0.27,0.391,-0.101,1.366,0.872,0.205,0.449,-0.222,0.476,desktop,user-dev-27
1166,0,395486,517.43,S,901370,694,150,discover,167,1,324,324,10.7,10.7,user1166@yahoo.com,user1166@yahoo.com,T,T,T,T,T,T,T,T,T,2,1,1,1,2,35.7,57.7,55.6,8.3,24.2,0.584,-0.817,0.176,-0.379,0.605,0.771,1.088,-0.195,0.044,0.937,0.256,0.094,0.758,-0.184,-0.083,0.08,0.47,-0.105,-0.222,-0.703,mobile,office-pc-01
1167,0,391388,566.85,R,904908,581,150,discover,192,0,554,554,11.8,11.8,user1167@gmail.com,user1167@gmail.com,T,T,T,T,T,T,T,T,T,2,1,1,1,3,6.8,46.3,32.7,5.6,50.8,-0.436,-0.924,-0.887,-0.314,0.516,-0.287,-0.133,-0.508,0.743,1.121,-1.368,-0.186,0.244,0.244,-0.258,-0.239,0.335,0.757,-0.894,-0.349,desktop,user-dev-30
1168,0,330303,209.07,H,900460,345,150,amex,120,1,209,209,1.4,1.4,user1168@corp.com,user1168@corp.com,T,T,T,T,T,T,T,T,T,1,2,1,3,1,40.1,6.8,19.8,58.7,36.1,-0.814,-0.345,0.417,0.123,0.061,-0.023,-0.253,0.319,-0.264,0.197,0.009,-0.804,0.768,-0.127,0.419,0.294,-0.012,-0.23,0.101,-0.267,desktop,user-dev-25
1169,0,330060,384.44,C,902639,613,150,amex,157,0,447,447,4.7,4.7,user1169@corp.com,user1169@corp.com,F,T,T,T,F,T,T,F,T,2,1,3,3,2,18.2,59.8,38.4,57.7,36.2,0.226,-0.008,0.849,0.08,-0.367,0.936,0.311,-1.015,-0.551,0.004,0.202,0.366,0.596,0.272,-0.116,0.153,-0.136,-0.539,1.38,-0.12,mobile,user-dev-09
1170,0,144994,631.82,H,906123,185,150,discover,164,0,369,369,13.2,13.2,user1170@gmail.com,user1170@gmail.com,T,T,T,T,T,T,T,T,T,3,3,1,3,1,43.5,35.8,13.5,10.8,25.7,-0.887,-0.418,0.172,1.003,-0.225,-0.405,-0.607,0.122,0.1,-0.219,0.102,0.217,0.487,-0.126,-0.463,0.207,0.421,0.18,-0.274,-0.211,desktop,office-pc-01
1171,0,139939,186.72,H,907047,584,150,mastercard,106,0,123,123,14.3,14.3,user1171@example.com,user1171@example.com,T,T,T,T,T,T,T,T,F,2,2,3,1,1,12.8,20.1,9.5,53.1,29.8,-0.304,0.168,0.25,-0.199,1.002,0.352,-1.158,0.558,-0.097,0.318,0.535,-0.204,-0.853,-0.194,0.523,-0.115,0.554,-0.339,0.284,-0.575,desktop,user-dev-13
1172,0,120794,471.99,C,908183,985,150,amex,114,1,516,516,4.3,4.3,user1172@gmail.com,user1172@gmail.com,T,T,T,T,T,T,T,T,F,2,1,3,2,3,58.3,10.4,17.0,58.8,28.1,-0.289,-0.086,-0.332,0.322,1.276,-0.394,-0.075,-0.039,0.035,-0.083,0.47,-0.357,0.523,-0.572,-0.327,-0.444,-0.394,0.249,-0.587,-0.16,mobile,user-dev-08
1173,0,172177,302.56,W,901436,925,150,visa,111,1,116,116,9.4,9.4,user1173@example.com,user1173@example.com,T,T,T,T,T,T,T,T,T,1,2,3,3,3,10.5,29.4,37.0,6.8,20.9,-0.312,0.17,-0.47,0.138,0.189,0.53,0.929,0.923,0.443,-0.265,0.334,-0.705,-0.003,-0.062,-0.251,0.252,-0.216,1.006,-0.087,0.951,mobile,user-dev-16
1174,0,82179,585.92,S,903963,669,150,discover,124,1,502,502,12.5,12.5,user1174@corp.com,user1174@corp.com,T,T,T,T,T,T,T,T,F,2,1,3,2,3,14.6,54.7,33.5,29.1,10.5,0.187,-0.562,-0.594,-0.644,0.388,-0.586,-0.041,0.633,0.32,-0.107,0.447,0.297,-0.463,-0.486,0.772,0.136,0.178,-0.097,-0.609,0.555,mobile,user-dev-30
1175,0,267758,127.77,W,902356,742,150,visa,181,1,205,205,2.1,2.1,user1175@corp.com,user1175@corp.com,T,T,T,T,T,T,T,T,T,1,1,1,2,2,54.2,10.1,32.2,24.9,51.1,-0.45,0.368,0.194,0.027,0.193,-0.05,-0.186,-0.448,-0.425,1.007,0.113,-0.294,0.313,0.02,-0.623,-0.28,1.338,0.268,0.575,-0.023,desktop,office-pc-09
1176,0,366514,11.22,C,900484,435,150,mastercard,128,0,229,229,4.4,4.4,user1176@example.com,user1176@example.com,T,T,T,T,T,T,T,T,T,1,1,2,3,3,40.9,30.7,49.5,29.0,57.0,0.335,-0.178,0.311,0.916,-0.26,-1.251,0.709,0.535,-0.256,-0.157,0.219,0.769,-0.497,0.221,-0.327,-0.227,-0.1,0.217,-0.248,0.224,mobile,user-dev-24
1177,0,113694,296.52,W,902948,928,150,amex,154,0,466,466,4.1,4.1,user1177@yahoo.com,user1177@yahoo.com,F,F,T,T,T,F,F,T,T,3,2,2,1,2,11.7,22.5,5.6,23.1,30.6,0.3,-1.027,-0.457,-0.186,-0.491,-0.365,0.322,0.243,-0.807,-0.65,0.126,-0.152,0.409,-0.327,0.017,-0.437,-0.141,0.3,0.191,-0.556,mobile,user-dev-27
1178,0,142526,87.67,H,902148,961,150,discover,104,1,640,640,1.1,1.1,user1178@gmail.com,user1178@gmail.com,T,T,T,T,T,T,F,F,F,1,2,1,2,3,21.6,22.4,24.0,9.4,47.6,-0.155,0.006,-0.431,1.371,-0.715,0.03,0.814,-0.513,0.215,-0.089,0.152,0.922,1.022,1.215,0.517,-0.614,0.032,0.212,-0.148,-0.902,desktop,user-dev-01
1179,0,107520,174.72,C,909560,571,150,visa,116,0,251,251,11.4,11.4,user1179@example.com,user1179@example.com,T,T,F,T,T,T,T,T,T,3,2,3,1,3,34.0,36.8,41.4,58.7,22.7,-0.043,-0.355,-0.036,0.418,0.555,0.318,0.512,-0.526,-0.031,-0.338,1.178,0.629,0.076,0.03,0.195,0.903,0.089,0.217,0.172,0.646,desktop,office-pc-03
1180,0,244290,496.23,R,903327,898,150,discover,124,0,384,384,6.6,6.6,user1180@outlook.com,user1180@outlook.com,T,T,T,T,F,T,T,F,F,3,3,1,1,2,53.2,46.0,18.2,54.2,15.3,0.724,0.132,-0.376,0.115,0.188,-0.093,-0.26,0.119,-0.595,-0.008,0.377,0.131,0.591,0.417,-0.059,-0.521,-0.139,0.488,-0.51,-0.342,mobile,office-pc-04
1181,0,307313,78.1,R,906629,501,150,discover,112,0,374,374,7.7,7.7,user1181@yahoo.com,user1181@yahoo.com,T,T,T,T,F,T,T,T,T,1,2,3,2,3,37.8,45.4,10.2,32.7,43.5,-0.422,0.062,0.308,-0.204,-0.075,0.174,0.411,0.991,0.05,0.062,-0.445,0.072,0.172,0.351,0.667,0.351,0.405,-0.535,0.649,-0.126,mobile,user-dev-16
1182,0,327761,78.23,H,907416,602,150,amex,169,0,598,598,4.2,4.2,user1182@example.com,user1182@example.com,T,T,F,T,T,T,T,T,T,1,2,2,3,2,54.0,47.6,52.1,54.6,37.8,0.578,0.495,-0.014,-0.101,0.976,-0.132,-0.149,-0.233,-0.374,0.005,-0.076,-1.344,-0.524,0.638,0.43,1.168,-0.835,-0.993,0.54,-0.526,mobile,office-pc-04
1183,0,171725,178.33,R,902015,543,150,discover,172,0,395,395,2.1,2.1,user1183@gmail.com,user1183@gmail.com,T,F,T,T,F,T,T,T,T,2,3,1,2,3,13.3,58.2,39.3,41.5,21.7,-0.214,0.871,0.144,0.014,-0.138,0.656,0.404,0.14,-0.665,0.311,0.381,0.002,-0.24,0.33,0.468,-0.573,0.034,-0.288,0.341,0.204,desktop,user-dev-13
1184,0,306519,383.71,H,904949,711,150,amex,122,1,546,546,10.3,10.3,user1184@outlook.com,user1184@outlook.com,T,T,T,T,T,T,T,F,T,3,1,3,1,2,12.5,35.5,21.6,9.7,36.2,-0.435,-0.453,-0.727,0.718,-0.252,0.105,-0.405,0.155,0.724,-0.314,-0.518,0.104,-0.451,0.246,0.63,0.111,0.504,-0.138,0.025,-0.691,mobile,user-dev-16
1185,0,384256,336.84,R,907541,959,150,visa,110,0,376,376,12.5,12.5,user1185@gmail.com,user1185@gmail.com,T,T,T,T,T,T,T,T,T,2,3,1,2,3,31.5,23.2,8.3,45.7,42.1,-0.011,-0.165,0.078,0.268,-0.035,-0.584,0.124,0.74,0.253,-0.339,-0.561,1.395,0.576,0.023,-0.094,-0.228,0.68,0.0,0.164,0.156,mobile,user-dev-07
1186,0,328377,23.83,R,907195,979,150,visa,155,0,122,122,3.2,3.2,user1186@yahoo.com,user1186@yahoo.com,T,T,F,T,T,T,T,T,T,1,3,3,3,3,16.0,31.4,20.9,10.5,37.4,-0.27,0.297,-0.676,0.59,-0.893,0.206,0.244,0.327,0.362,0.34,-0.115,-0.064,-0.428,-0.593,-1.027,0.373,-0.167,0.217,0.409,-0.373,mobile,user-dev-11
1187,0,267562,329.41,S,902295,385,150,amex,218,0,169,169,13.8,13.8,user1187@example.com,user1187@example.com,F,T,F,T,T,T,T,T,T,2,2,3,3,1,36.7,56.0,47.6,33.9,12.1,-0.559,1.114,-0.401,0.566,-0.125,0.086,0.176,-0.236,0.195,0.135,0.521,-0.228,0.088,-1.408,0.292,-0.758,0.09,1.069,0.485,0.938,mobile,user-dev-05
1188,0,112467,400.84,S,902183,752,150,mastercard,125,0,602,602,6.8,6.8,user1188@outlook.com,user1188@outlook.com,T,T,T,T,T,T,F,T,T,1,1,3,1,2,49.8,49.5,15.6,37.0,39.6,-0.165,-0.294,0.389,-0.983,-0.325,0.395,-0.185,-0.056,0.32,0.743,0.608,-0.38,-0.945,0.023,-0.512,-0.242,-0.415,0.556,-0.254,-0.098,mobile,user-dev-29
1189,0,304139,409.55,H,904119,499,150,amex,108,0,394,394,1.6,1.6,user1189@corp.com,user1189@corp.com,F,T,T,T,T,T,T,T,T,1,3,3,3,2,27.0,8.1,43.4,11.1,30.9,0.339,-0.194,0.446,0.085,-0.031,0.45,0.025,-0.273,-0.778,-0.237,0.656,-0.338,0.264,-0.254,1.09,0.538,0.643,-0.441,0.013,-0.134,mobile,user-dev-27
1190,0,393601,482.62,S,904972,900,150,mastercard,102,0,126,126,11.7,11.7,user1190@yahoo.com,user1190@yahoo.com,F,F,T,T,T,T,T,T,T,3,3,2,3,3,45.6,35.4,7.9,47.1,43.2,-0.477,0.225,0.348,0.409,1.136,-0.857,-0.221,0.242,-0.159,0.067,0.075,0.662,0.119,0.821,0.678,-0.573,-1.396,-0.636,0.794,0.075,mobile,user-dev-05
1191,0,109703,89.35,W,901252,356,150,mastercard,163,1,465,465,13.5,13.5,user1191@yahoo.com,user1191@yahoo.com,T,T,T,T,T,T,T,T,T,2,3,2,2,3,21.1,41.0,34.0,19.7,43.4,-0.167,-0.004,0.634,-0.458,-0.292,-0.281,0.078,0.26,0.358,-0.055,-0.017,-0.344,-0.64,0.662,0.867,1.075,-0.231,-0.687,-0.236,0.071,mobile,user-dev-03
1192,0,221714,186.46,C,906215,288,150,discover,168,0,412,412,1.0,1.0,user1192@outlook.com,user1192@outlook.com,T,T,T,T,T,T,F,T,T,1,3,2,2,3,16.9,6.5,44.9,39.2,52.6,0.234,-1.125,0.014,-0.907,-1.166,-0.406,0.375,-0.169,0.618,-0.035,-0.707,0.367,0.046,-0.385,0.544,-0.139,0.368,-0.017,0.34,-0.222,desktop,user-dev-18
1193,0,124845,649.23,W,902037,414,150,amex,207,0,283,283,6.9,6.9,user1193@gmail.com,user1193@gmail.com,T,T,T,T,T,T,T,T,T,2,1,2,1,2,31.4,51.4,17.0,8.2,56.6,-0.114,0.677,-0.071,0.167,0.364,0.771,-0.165,0.995,0.492,0.506,0.419,0.553,0.235,0.076,0.737,0.182,0.422,-0.506,0.767,0.207,mobile,user-dev-17
1194,0,214975,18.35,C,905338,684,150,amex,206,1,525,525,1.5,1.5,user1194@example.com,user1194@example.com,T,T,T,T,T,T,T,T,T,2,1,1,2,3,48.3,23.4,27.4,40.9,30.9,0.688,-0.116,0.081,0.128,0.998,-0.467,0.676,0.109,0.213,-0.559,0.115,-0.584,-0.4,-0.225,0.206,0.92,0.788,0.164,-1.284,1.19,mobile,user-dev-05
1195,0,197745,370.99,R,907226,424,150,amex,124,1,400,400,13.7,13.7,user1195@outlook.com,user1195@outlook.com,F,T,T,T,T,F,T,T,T,1,2,1,2,2,46.2,11.3,18.3,45.3,53.4,-0.301,0.355,-1.109,-0.039,-0.389,-0.56,-0.494,0.164,-0.849,-0.395,0.438,0.44,0.085,-0.505,-0.235,-0.138,-0.027,0.41,-0.081,0.19,mobile,office-pc-03
1196,0,157803,377.8,W,902071,990,150,visa,206,0,124,124,10.5,10.5,user1196@gmail.com,user1196@gmail.com,T,T,F,F,T,T,T,T,F,1,3,3,2,2,24.5,27.1,35.6,44.2,11.5,0.855,-0.642,-0.581,-0.376,0.152,-0.006,-0.033,-0.467,-0.486,0.162,-0.902,0.295,-0.139,0.552,0.211,0.238,0.111,-1.108,0.193,-0.081,mobile,office-pc-08
1197,0,390928,245.46,R,908482,637,150,discover,136,0,493,493,5.1,5.1,user1197@yahoo.com,user1197@yahoo.com,T,T,T,T,T,F,T,T,T,1,1,3,3,1,28.7,20.3,53.4,22.3,24.1,0.208,0.355,-0.355,0.03,0.574,1.034,-0.04,0.681,0.285,0.224,-0.04,0.221,-0.564,-0.192,0.33,0.589,1.019,0.26,-0.32,-0.078,mobile,user-dev-02
1198,0,273745,138.42,S,907083,605,150,amex,111,0,385,385,11.1,11.1,user1198@gmail.com,user1198@gmail.com,F,T,T,T,T,T,T,T,T,2,1,3,1,3,9.1,13.6,23.4,29.9,45.5,-0.092,-0.173,-0.401,-0.976,0.223,0.055,-0.169,-0.583,0.234,0.595,0.367,-0.598,0.667,-0.221,0.017,0.664,0.245,-0.254,0.189,0.531,mobile,user-dev-12
1199,0,340427,189.43,C,900636,528,150,amex,178,0,697,697,3.9,3.9,user1199@outlook.com,user1199@outlook.com,T,F,F,F,T,T,T,T,T,2,3,3,1,2,51.2,53.1,41.7,32.0,39.7,-0.511,-0.361,-0.099,0.337,1.037,-0.246,0.046,-0.52,-0.356,0.123,-0.277,0.142,0.708,-0.199,-0.29,0.412,0.717,0.745,0.536,-0.843,desktop,user-dev-27
1200,0,203134,26.59,S,906532,366,150,visa,134,0,324,324,5.4,5.4,user1200@gmail.com,user1200@gmail.com,T,T,F,T,T,T,T,T,T,2,2,2,1,3,53.2,34.5,47.9,11.1,58.3,-0.202,-0.169,-1.187,-0.303,0.484,0.065,0.086,-0.442,-0.513,0.681,0.146,0.062,0.152,0.6,0.95,-0.089,-0.63,0.485,-0.074,0.287,mobile,user-dev-22
